code,preacher,bkno,book,chapter,verse,title,date
ki7JyyDyXpc,林誠信牧師,67,,0,,港福堂粵語網上門訓系列聖餐崇拜：2020年02月01-02日  林誠信牧師 【如何做到無懼宣講 】,2020-02-03
u8Zty0GQlSc,,67,,0,,Kong Fok Church Int'l Worship Service： 20200215 Ps.Johnny Wong Ephesians： I AM adopted and loved,2020-02-16
K4ebngrRd_0,,67,,0,,Kong Fok Church Int'l Worship Service： 20200222 Ps. James Tang Ephesians I Am Victorious Pt.1,2020-02-22
sXhBmTYtpMY,林明才傳道,2,出埃及記,0,,港福堂普通話崇拜：2月23日  林明才傳道 【摩西五經講道系列 2  從出埃及記看神對人的顧念】,2020-02-23
wK_0o0VuE8g,李文耀博士,67,,0,,港福堂粵語網上門訓系列崇拜：2020年2月22日  李文耀博士 【只要走完我的路程】,2020-02-23
NluLWvO2vlM,,67,,0,,Kong Fok Church Int'l Worship Service： 20200229 Ps. James Tang Ephesians I Am Victorious Pt.2,2020-02-28
K0iV0is6Fqg,林誠信牧師,67,,0,,港福堂粵語網上門訓系列崇拜：2020年2月29-3月1日  林誠信牧師 【死也願意之保羅】,2020-03-01
RoWkR_4N7Wk,,67,,0,,Kong Fok Church Int'l Online Worship Service 20200307 Ps.John The King's Record,2020-03-07
bTYAp-wN4Rg,李承希弟兄,67,,0,,港福堂學青網上崇拜：2月16日  李承希弟兄【超越口罩所帶來的平安】,2020-03-07
qwk9R2YBBBk,孫靜敏傳道,67,,0,,港福堂學青網上崇拜：2月23日  孫靜敏傳道【平安在哪裡】,2020-03-07
POSSaeqmmNA,王恩瀚傳道,67,,0,,港福堂學青網上崇拜：3月1日  王恩瀚傳道【You Are Adopted】,2020-03-07
yofdJABGnZ4,鄭毓華傳道,67,,0,,港福堂學青網上崇拜：3月8日  鄭毓華傳道【DO YOU HAVE SOULMATE】,2020-03-07
pdB29-1sdFA,港福堂普通話網上崇拜__林明才傳道_摩西五經講道系列,3,利未記,0,,港福堂普通話網上崇拜_20200308_林明才傳道_摩西五經講道系列3 從利未記看神對人的救贖,2020-03-07
D9MqvVmcsv0,林朗熙傳道,67,,0,,港福堂學青網上崇拜：3月15日  林朗熙傳道【生命「疫」轉】,2020-03-13
p9eUvvEyU-w,,67,,0,,Kong Fok Church Int'l Worship Service 20200314 Ps. James Tang The King’s Rise,2020-03-15
DQbEJeg-LiQ,李承希弟兄,67,,0,,港福堂學青網上崇拜：3月22日  李承希弟兄【頹得有意義】,2020-03-21
y39q_mOIzRU,,67,,0,,Kong Fok Church Int'l Online Worship Service 202002321 Ps. Johnny Wong The King’s Regulations,2020-03-22
V1lkEj5YuXY,,67,,0,,Kong Fok Church Int'l Online Worship Service_20200328_Rev. John _The King's Revelations (Miracles),2020-03-28
TIIQE0Se1q0,唐力行傳道,67,,0,,港福堂學青網上崇拜：3月29日  唐力行傳道【法「正」先鋒】,2020-03-28
2IbUtpMpwuA,楊芝華傳道,67,,0,,港福堂粵語網上門訓系列崇拜：2020年3月28-29日  楊芝華傳道【生命的力量】,2020-03-28
Ea6QU8BqKVo,王國風傳道,67,,0,,港福堂粵語網上門訓系列崇拜：2020年3月29日  王國風傳道【壯起膽來！】,2020-03-29
4HS_rHOwxdc,,67,,0,,Kong Fok Church Int'l Online Worship Service_20200204_Ps. James Tang_The King's Recital (Parables),2020-04-03
hjB1hL0MHPI,唐然傳道,67,,0,,港福堂普通話網上崇拜：4月5日  唐然傳道【主是我們永遠的依靠】,2020-04-03
jCc3yJcfkHo,鄭毓華傳道,67,,0,,港福堂學青網上崇拜：4月5日  鄭毓華傳道【與神面對面】,2020-04-04
NJ_J3jeKNWw,吳安強傳道,67,,0,,港福堂粵語網上門訓系列聖餐崇拜：2020年4月4-5日  吳安強傳道【真理持守者的無虧良心】,2020-04-04
Nvwo9EabLBA,,67,,0,,Kong Fok Church Int'l Online Worship Service_20200411_Rev. John_The King's Ransom (Holy Week),2020-04-11
tBAGqQD2tBg,王恩瀚傳道,67,,0,,港福堂學青網上崇拜：4月12日  王恩瀚傳道【王的死亡與復活】,2020-04-11
2HBmycJgKHE,,67,,0,,Kong Fok Church Int'l Online Worship Service 20200418 Ps.Johnny Wong The King's Resurrection：Matthew,2020-04-18
mber6Odv6uI,林朗熙傳道,67,,0,,港福堂學青網上崇拜：4月19日  林朗熙傳道【復活了，然後呢？】,2020-04-18
XtnOGeaKHOE,李永洪傳道,67,,0,,港福堂粵語網上門訓系列崇拜：2020年4月18-19日  李永洪傳道【真實的基督徒─保羅】,2020-04-18
nEG0CnFG65s,蘇秀文傳道,67,,0,,港福堂粵語網上門訓系列崇拜：2020年4月19日  蘇秀文傳道【從天上有一道光】,2020-04-19
CGbej46ECvs,林明才傳道,67,,0,,港福堂普通話網上崇拜：4月19日  林明才傳道【上帝是誰？  一 】,2020-04-22
Mia9PM3MerY,孫靜敏傳道,67,,0,,港福堂學青網上崇拜：4月26日  孫靜敏傳道【你經得起挑戰嗎？】,2020-04-24
IJGMBOw0JKA,,67,,0,,Kong Fok Church Int'l Online Worship Service_20200425_Ps. James Tang_The King's Request：  Matthew,2020-04-25
GVYyuXavQeo,林明才傳道,67,,0,,港福堂普通話網上崇拜：4月26日  林明才傳道【上帝是誰？  2 】,2020-04-28
A8zoUAzmKWU,王恩瀚傳道,67,,0,,港福堂學青網上崇拜：5月3日  王恩瀚傳道【以斯帖的故事：就是為了這個時刻】,2020-05-02
SuPA-tEMgaI,林朗熙傳道,67,,0,,港福堂學青網上崇拜：5月10日  林朗熙傳道【亂世下的銀河維修員】,2020-05-08
1HpuBUod6Ro,,67,,0,,Kong Fok Church Int'l Online Worship Service 20200509 Rev. John The Kind of Fast I Have Chosen,2020-05-09
yiJZMhK5Ob8,林明才傳道,67,,0,,港福堂普通話網上崇拜：5月10日  林明才傳道【母親節快樂】,2020-05-11
cUbjSjYUgZc,,67,,0,,Kong Fok Church Int'l Online Worship Service_20200516_Ps. James Tang_How to Cross Generations,2020-05-16
rjtibTgT_WY,孫靜敏傳道,67,,0,,港福堂學青網上崇拜：5月17日  孫靜敏傳道【你在信什麼？】,2020-05-16
u4ThXL8U2SQ,林朗熙傳道,67,,0,,港福堂粵語網上門訓系列崇拜：2020年5月16-17日 林朗熙傳道【我們的門徒行傳】,2020-05-17
c-P3iEc-VJc,林明才傳道,67,,0,,港福堂普通話網上崇拜：5月17日  林明才傳道【在禁食禱告中記念香港】,2020-05-18
iPZeq4mxQyA,,67,,0,,Kong Fok Church Int'l Online Worship Service_20200523 Rev. John The Silent Sovereignty of God,2020-05-24
TRu1WCdE4yY,林明才傳道,67,,0,,港福堂普通話網上崇拜：5月24日  林明才傳道【開心其實很簡單】,2020-05-24
DK3iCyD1Gq0,唐然傳道,67,,0,,港福堂粵語網上門訓系列崇拜：2020年5 月 30-31日 唐然傳道【 靠主得勝】,2020-06-01
cDt3fJciNtY,黃勁梅傳道,67,,0,,港福堂粵語網上門訓系列崇拜：2020年5月31日  黃勁梅傳道【 致命的妥協】,2020-06-01
QbheWUeK_n4,林誠信牧師,67,,0,,港福堂粵語網上門訓系列聖餐崇拜：2020年6月7日  林誠信牧師【神的子民！切忌誤入歧途！ 】,2020-06-08
ICYMH32vBOo,李文耀博士,67,,0,,港福堂粵語網上門訓系列崇拜：2020年6月28日  李文耀博士【簡單與機智的領袖】,2020-06-29
UG52aHju18U,林誠信牧師,67,,0,,港福堂粵語網上門訓系列聖餐崇拜：2020年7月4-5日  林誠信牧師【誰是真正的士師？】,2020-07-06
L2rgm4KdSWY,王志強牧師,67,,0,,港福堂粵語網上門訓系列崇拜：2020年7月11-12日  王志強牧師【我靈努力前行，生命光輝烈烈！】,2020-07-11
5SFgvG1X7m8,林朗熙傳道,67,,0,,港福堂學青網上崇拜：7月19日  林朗熙傳道【How To Make Choices for Success】,2020-07-19
2tBX0D63c8Y,王恩瀚傳道,67,,0,,港福堂學青網上崇拜：7月12日  王恩瀚傳道【Sacrifice for Success 】,2020-07-20
VS6cjsQe078,林明才傳道,67,,0,,港福堂普通話網上崇拜：7月19日  林明才傳道【真的有地獄嗎？】,2020-07-20
3zYg3AwM2BA,林明才傳道,67,,0,,港福堂粵語網上門訓系列崇拜：2020年7月25-26日  林明才傳道【上帝真的與我們同在嗎？】,2020-07-26
hhMAmirTZhg,林明才傳道,67,,0,,港福堂普通話網上崇拜：7月26日  林明才傳道【神真的和我們同在嗎？】,2020-07-27
D_cJ0ck9P2M,王國風傳道,67,,0,,港福堂粵語網上門訓系列崇拜：2020年7月26日  王國風傳道【主啊！我有何能？】,2020-07-27
PHOKHtHQLK0,吳安強傳道,67,,0,,港福堂粵語網上門訓系列聖餐崇拜：2020年8月01-02日 吳安強傳道【生命不斷向下滑的領袖】,2020-08-02
_GNSnC0KBNk,鄭玉兒傳道,67,,0,,港福堂粵語網上門訓系列聖餐崇拜：2020年8月02日 鄭玉兒傳道【疫戰中抓「平安」】,2020-08-02
BGtaqt24nck,鄧逸文傳道,67,,0,,"港福堂學青網上崇拜：7月26日  鄧逸文傳道【God, what next    Making the Best Decisions】",2020-08-04
2juEPWksvp4,孫靜敏傳道,67,,0,,港福堂學青網上崇拜：8月2日 孫靜敏傳道【失而復得的喜樂】,2020-08-04
KbMb-ecNhBQ,,67,,0,,Kong Fok Church Int'l Online Worship Service_20200808_ Ps. James Tang_ My Father Is King： Abimelek,2020-08-09
kWRAICgf7oU,王恩瀚傳道,67,,0,,港福堂學青網上崇拜：8月09日 王恩瀚傳道【Church as the Fellowship of Saints】,2020-08-10
Bu3xX2OgZBI,唐然傳道,67,,0,,港福堂普通話網上崇拜：8月09日 唐然傳道【耶穌的比喻講道系列 ： ( 1 ) 如何在世上做光】,2020-08-10
hEObkU8XJRo,林誠信牧師,67,,0,,港福堂粵語網上門訓系列崇拜：2020年8月08-09日 林誠信牧師【領袖與原生家庭有何關係？】,2020-08-10
Wb54g2bofdk,林明才傳道,67,,0,,港福堂普通話網上崇拜：8月16日 林明才傳道【耶穌的比喻講道系列： 2  自己眼中的刺和別人眼中的樑木】,2020-08-17
YKBvodeV2Ls,孫靜敏傳道,67,,0,,港福堂粵語網上門訓系列崇拜：2020年8月16日 孫靜敏傳道【大舞台．小角色】,2020-08-17
UR1L9rIkRug,唐力行傳道,67,,0,,港福堂粵語網上門訓系列崇拜：2020年8月15日 唐力行傳道【為誰而作的領袖？】,2020-08-18
A9bSLENbC6A,唐然傳道,67,,0,,港福堂普通話網上崇拜：8月23日 唐然傳道【耶穌的比喻講道系列：( 3 ) 新酒需要新皮袋】,2020-08-24
J6RlcXv0e8Y,,67,,0,,港福堂學青網上崇拜：8月30日  PS  Michelle【教會是基督的新娘】,2020-08-27
nU5WgWc-F-o,李文耀博士,67,,0,,港福堂粵語網上門訓系列崇拜：2020年8月29-30日 李文耀博士【一個危險的領袖】,2020-08-30
ebsdWsQvfwc,林明才傳道,67,,0,,港福堂普通話網上崇拜：8月30日 林明才傳道【耶穌的比喻講道系列： 4  靠鬼王趕鬼？】,2020-08-31
skylOg92LRo,林明才傳道,67,,0,,港福堂普通話網上崇拜：9月13日 林明才傳道【得勝的秘訣（1）】,2020-09-14
KkmOPMB7JNc,李承希傳道,67,,0,,港福堂學青網上崇拜  9月13日  李承希傳道 [如何被聖靈充滿],2020-09-15
kn6q0tWJMy0,林朗熙傳道,67,,0,,港福堂學青網上崇拜：9月20日 林朗熙傳道【聖靈所結的果子是甚麼？ ( 1 )】,2020-09-21
Cs6TrmVKiWE,林誠信牧師,67,,0,,港福堂粵語網上門訓系列崇拜：2020年9月20日 林誠信牧師【你的家是否真的與神立約？】,2020-09-21
tCHg2uGvti4,孫靜敏傳道,67,,0,,港福堂學青網上崇拜：9月27日 孫靜敏傳道【聖靈所結的果子是甚麼？  2 】,2020-09-28
uXZr_74_ukI,林明才傳道,67,,0,,港福堂普通話網上崇拜：9月27日 林明才傳道【得勝的秘訣（2）】,2020-09-28
5FFKQ5FPm4s,王恩瀚傳道,67,,0,,港福堂學青網上崇拜：10月4日 王恩瀚傳道【爲何要講論末世和盼望？】,2020-10-04
mmhzP3YMFT8,,67,,0,,Kong Fok Church Int'l Online Worship Service_20201010_Ps. Johnny Wong_Dear Church： Hang On in There!,2020-10-12
8UAWp_UqvBw,李承希傳道,67,,0,,港福堂學青網上崇拜：10月11日 李承希傳道【甚麼是盼望？ 盼望和我們的信心有甚麼關係？】,2020-10-12
tLHMe5-l58U,林明才傳道,67,,0,,港福堂普通話網上崇拜：10月11日 林明才傳道【得勝的秘訣（3）】,2020-10-12
-Rc-PwKSR0A,林誠信牧師,67,,0,,港福堂粵語網上門訓系列崇拜：2020年10月10-11日 林誠信牧師【如何勝過致命的誘惑】,2020-10-12
3N0eKO-GC_A,,67,,0,,Kong Fok Church Int'l Online Worship Service_20201017_Ps. Michelle Lo_Dear Church： Watch Out!,2020-10-18
NpZLAsDhHEs,孫靜敏傳道,67,,0,,港福堂學青網上崇拜：10月18日 孫靜敏傳道【我們這個時代需要的盼望是什麼？ (上)】,2020-10-19
tAO9sfVz0PI,唐然傳道,67,,0,,港福堂普通話網上崇拜：10月18日 唐然傳道【走出生命的誤區】,2020-10-19
hsOi3fpLkLs,林朗熙傳道,67,,0,,港福堂學青網上崇拜：10月25日 林朗熙傳道【我們這個時代所需要的盼望是甚麼？（2）】,2020-10-25
nWZ4EDgFitA,,67,,0,,港福堂普通話網上崇拜：10月25日 雷振华牧师【主的异象，岂能违背】,2020-10-27
WBb1eMgEQ9A,,67,,0,,KongFokChurch Int'l Online Worship Service_20201031_Rev. John Snelgrove_Dear Church： Don't Be Naive!,2020-11-01
hpxrdvU7qoU,孫靜敏傳道,67,,0,,港福堂學青網上崇拜：11月01日 孫靜敏傳道【末世的徵兆是甚麼？】,2020-11-02
ttc8_9r5FOQ,林誠信牧師,67,,0,,港福堂粵語網上門訓系列聖餐崇拜：2020年10月31日 - 11月01日 林誠信牧師【一個家族如何墮落？】,2020-11-02
_zx3XHMGvrA,,67,,0,,"KongFokChurch Int'l Online Worship Service_20201107_Francis Chan_When Jesus is Known, Giving is Easy",2020-11-09
U65qX4tSC48,李承希傳道,67,,0,,港福堂學青網上崇拜：11月08日 李承希傳道【末世的教會群體會面對甚麼挑戰？（一 )】,2020-11-09
q1ENso0l7g0,林明才傳道,67,,0,,港福堂普通話網上崇拜：11月08日 林明才傳道【所羅門王看人生的意義】,2020-11-12
Ed4uPdYf990,,67,,0,,Kong Fok Church Int'l Online Worship Service_20201114_Ps. James Tang_Dear Church Get Real !,2020-11-16
f4F3WvLWut4,,67,,0,,港福堂學青網上崇拜：11月15日 何曉昕姊妹【你今日信咗耶穌未？】,2020-11-16
Ip6tKOS6xmI,唐然傳道,67,,0,,港福堂普通話網上崇拜：11月15日 唐然傳道【生命被主潔淨】,2020-11-16
H-RpLsqg0X8,何慧芬牧師,67,,0,,港福堂粵語網上門訓系列崇拜：2020年11月15日 何慧芬牧師【令人髮指的惡事】,2020-11-16
eJYIf6yYjQw,林朗熙傳道,67,,0,,港福堂粵語網上門訓系列崇拜：2020年11月15日 林朗熙傳道【我們與惡的距離】,2020-11-16
2chzedHSwvI,,67,,0,,Kong Fok Church Int'l Online Worship Service_20201121_Ps. Michelle Lo_Dear Church： Hold Fast !,2020-11-22
XXAtyCqa1WA,王恩翰傳道,67,,0,,港福堂學青網上崇拜：11月22日 王恩翰傳道【末世的教會群體會面對甚麼挑戰？（2）】,2020-11-24
Kye_Asr9h6M,林明才傳道,67,,0,,港福堂普通話網上崇拜：11月22日 林明才傳道【摩西看人生的意義】,2020-11-24
6kj7msgQERs,,67,,0,,Kong Fok Church Int'l Online Worship Service_20201128_Ps.Johnny Wong_Dear Church： Let's Do Business!,2020-11-30
X6_UgETOovo,林朗熙傳道,67,,0,,港福堂學青網上崇拜：11月29日 林朗熙傳道【如何預備自己去面對耶穌的再來？】,2020-11-30
YthPJTJgvd4,唐然傳道,67,,0,,港福堂普通話網上崇拜：11月29日 唐然傳道【生命與主相連】,2020-11-30
oaKVa_vQ9To,,67,,0,,Kong Fok Church Int'l Online Worship Service_20201205_Ps. James Tang_Wonderful Counselor,2020-12-07
GWg2WhVJ72w,李承希傳道,67,,0,,港福堂學青網上崇拜：12月06日 李承希傳道【回顧與神的關係】,2020-12-07
Wga3rPNZVFQ,林誠信牧師,67,,0,,港福堂粵語網上門訓系列聖餐崇拜：2020年12月05-06日 林誠信牧師【如何面對危機應變？】,2020-12-07
kmzWi9SPHI4,,67,,0,,Kong Fok Church Int'l Online Worship Service_20201212_Ps. Johnny Wong_Mighty God,2020-12-14
IPmjqQaCiqU,林朗熙傳道,67,,0,,港福堂學青網上崇拜：12月13日 林朗熙傳道【繼續向前行的勇氣？】,2020-12-14
qs6Wrx_3fiU,林明才傳道,67,,0,,港福堂普通話網上崇拜：12月13日 林明才傳道【情與義】,2020-12-14
lo-gXjqK-fo,蘇秀文傳道,67,,0,,港福堂粵語網上門訓系列崇拜：2020年12月12日 蘇秀文傳道【誰的刀最狠？】,2020-12-14
2uj6MWhc6YY,,67,,0,,Kong Fok Church Int'l Online Worship Service_20201219_Rev. John Snelgrove_Everlasting Father,2020-12-21
2-sbhPvFe_8,孫靜敏傳道,67,,0,,港福堂學青網上崇拜：12月20日 孫靜敏傳道【來年的我們可以如何成長？】,2020-12-21
E2RTgc0aFd0,唐然傳道,67,,0,,港福堂普通話網上崇拜：12月20日 . 唐然傳道【在基督里有份】,2020-12-21
ETWI4RL3rH8,李文耀博士,67,,0,,港福堂粵語網上門訓系列崇拜：2020年12月20日 李文耀博士【開始決定終結？！】,2020-12-21
PinyG3ILOGY,,67,,0,,Kong Fok Church Int'l Online Worship Service_20201226_Ps. Michelle Lo_Prince of Peace,2020-12-27
wZ2NMA2UCpc,林明才傳道,67,,0,,港福堂普通話網上崇拜：12月27日 . 林明才傳道【別了2020】,2020-12-27
Og2ZW-jX0b4,王恩瀚傳道,67,,0,,港福堂學青網上崇拜：01月03日 王恩瀚傳道【神的創造：神賦予了我們甚麼身份和特質是甚麼？】,2021-01-04
sbrQCyKjihQ,孫靜敏傳道,67,,0,,港福堂粵語網上門訓系列聖餐崇拜：01月02日 孫靜敏傳道【2021．從「申」開始】,2021-01-04
g96XYTCUw8A,唐力行傳道,67,,0,,港福堂粵語網上門訓系列聖餐崇拜：01月03日 唐力行傳道【從「申」塑造】,2021-01-04
R9jyFpkE-As,,67,,0,,Kong Fok Church Int'l Online Worship Service_20210102_ Rev. John 2020-That Was the Year That Was,2021-01-05
tlbaxLDg9PI,黃勁梅傳道,67,,0,,港福堂粵語網上門訓系列崇拜：01月09日 黃勁梅傳道【前事不忘】,2021-01-10
K3NjAHPiQ-0,何慧芬牧師,67,,0,,港福堂粵語網上門訓系列崇拜：01月10日 何慧芬牧師【回顧與叮嚀】,2021-01-10
y6alP8CjnLk,李承希傳道,67,,0,,港福堂學青網上崇拜：01月10日 李承希傳道【神的拯救：我們在基督裏的身份是甚麼？】,2021-01-11
xCfFn0XEWwA,林明才傳道,67,,0,,港福堂普通話網上崇拜：01月10日 林明才傳道【耶穌是誰？】,2021-01-11
EZnxUOHcpd4,林朗熙傳道,67,,0,,港福堂學青網上崇拜：01月17日 林朗熙傳道【神的兒女：我們如何避免認錯自己的身份？】,2021-01-18
R1eoyVY0_B0,唐然傳道,67,,0,,港福堂普通話網上崇拜：01月17日 唐然傳道【在禱告中操練信心】,2021-01-18
U0rizvJGJ4o,孫靜敏傳道,67,,0,,港福堂學青網上崇拜：01月24日 孫靜敏傳道【我們的回應：我們如何對自己真誠？】,2021-01-25
TwzYjcPI-nw,林明才傳道,67,,0,,港福堂普通話網上崇拜：01月24日 林明才傳道【耶穌帶給世人的使命】,2021-01-25
ZSIQ2xJgSK8,王恩瀚傳道,67,,0,,港福堂學青網上崇拜：01月31日 王恩瀚傳道【我們的回應：我們如何在其他人的目光底下仍然真誠？】,2021-02-01
SO1umweuOn0,唐然傳道,67,,0,,港福堂普通話網上崇拜：01月31日 唐然傳道【在禱告中建立生命】,2021-02-01
46hfV2snP7k,吳宗文牧師,67,,0,,港福堂粵語網上門訓系列崇拜：01月30-31日 吳宗文牧師【聽從遵行、存活受業】,2021-02-01
4LGZUh7o3I4,,67,,0,,港福堂學青網上崇拜：02月07日 李康莛姊妹【自我認識：真實的關係有甚麼元素？】,2021-02-07
eeii4bjzQkw,李文耀博士,67,,0,,港福堂粵語網上門訓系列聖餐崇拜：02月06-07日 李文耀博士【自由與界限：十誡的精神】,2021-02-07
4yMrMs_IlXc,林明才傳道,67,,0,,港福堂普通話網上崇拜：02月07日 林明才傳道【耶穌在迦百農的事奉】,2021-02-08
EGRJ1HLqK2Q,,67,,0,,KongFokChurch Int'l Online Worship Service_20210213_Ps. James Tang_Special Chinese New Year Service,2021-02-14
0zz9Y9qZzJg,林朗熙傳道,67,,0,,港福堂學青網上崇拜：02月14日 林朗熙傳道【朋友情：如何在朋友中間活出相互扶持的關係？】,2021-02-16
S4qU0kj1u6s,李承希傳道,67,,0,,港福堂學青網上崇拜：02月21日 李承希傳道【師徒情：如何尋找生命的嚮導？】,2021-02-21
6lpNtqKNfAQ,周婉貞傳道,67,,0,,港福堂粵語網上門訓系列崇拜：02月20日 周婉貞傳道【全民免「逆」】,2021-02-21
bVKcXJc0sd0,吳安強傳道,67,,0,,港福堂粵語網上門訓系列崇拜：02月21日 吳安強傳道【世代相傳的信仰】,2021-02-21
O2lv5aCxY0U,,67,,0,,Kong Fok Church Int'l Online Worship Service_20210220_Rev. John Snelgrove_HOPE,2021-02-22
0EQQvkAMoss,林明才傳道,67,,0,,港福堂普通話網上崇拜：02月21日 林明才傳道【耶穌醫治被社會遺棄的人】,2021-02-22
-1cY_-yYL78,楊芝華傳道,67,,0,,港福堂粵語網上門訓系列崇拜：02月27日 楊芝華傳道【得地為業】,2021-02-28
wrWHWdmt1T4,林朗熙傳道,67,,0,,港福堂粵語網上門訓系列崇拜：02月28日 林朗熙傳道【蒙揀選之民？】,2021-02-28
6arjGyAM1Lg,,67,,0,,Kong Fok Church Int'l Online Worship Service_20210227_Ps. Johnny Wong_BURST,2021-03-02
fTo4QJD8kzg,孫靜敏傳道,67,,0,,港福堂學青網上崇拜：03月07日 孫靜敏傳道【甚麼是大齋期？大齋期與我何干？】,2021-03-07
Te4mcLFOkHg,鄭玉兒傳道,67,,0,,港福堂粵語網上門訓系列聖餐崇拜：03月06日 鄭玉兒傳道【毋忘主恩 · 謙卑過活】,2021-03-07
Fz2Mpe9M30I,王國風傳道,67,,0,,港福堂粵語網上門訓系列聖餐崇拜：03月07日 王國風傳道【磨煉與考驗】,2021-03-07
j_X29BUViY4,,67,,0,,Kong Fok Church Int'l Online Worship Service_20210306_Ps. Michelle Lo_BELIEVE,2021-03-09
aWHqZYr5X9I,唐然傳道,67,,0,,港福堂粵語網上門訓系列崇拜：03月13日 唐然傳道【恩典與真理】,2021-03-14
SX7cNTUuQU8,何慧芬牧師,67,,0,,港福堂粵語網上門訓系列崇拜：03月14日 何慧芬牧師【不義的人遇上守約的神】,2021-03-14
tKZg1SFY1aE,,67,,0,,Kong Fok Church Int'l Online Worship Service_20210313_Ps. James Tang_BELIEVING IS SEEING,2021-03-15
sxBRnYNeqi0,林朗熙傳道,67,,0,,港福堂學青網上崇拜：03月14日 林朗熙傳道【大齋期之屬靈操練：禁食、禁戒和節制】,2021-03-15
j4xFVsCkuRc,林明才傳道,67,,0,,港福堂普通話網上崇拜：03月14日 林明才傳道【為耶穌拆了房頂】,2021-03-15
e1W4t9Wcy9c,,67,,0,,Kong Fok Church Int'l Online Worship Service_20210320_Ps. Dan Deeble_SCORECARD,2021-03-19
fd1LnGdMUZE,施力高牧師,67,,0,,港福堂學青網上崇拜：03月21日 施力高牧師【大齋期之屬靈操練：祈禱和退修】,2021-03-19
Fdq37RdGJB8,孫靜敏傳道,67,,0,,港福堂學青網上崇拜：03月28日 孫靜敏傳道【大齋期之屬靈操練：讀經及屬靈閱讀】,2021-03-28
7PTmN1HMbJQ,李承希傳道,67,,0,,港福堂粵語網上門訓系列崇拜：03月27日 李承希傳道【遵主意行的福澤】,2021-03-28
qJRONVzp4w0,,67,,0,,Kong Fok Church Int'l Online Worship Service_20210327_Ps. Johnny Wong_BLESSED,2021-03-29
GVTHwbIQLjE,林明才傳道,67,,0,,港福堂普通話網上崇拜：03月28日 林明才傳道【耶穌和大罪人吃飯】,2021-03-29
cL9VafR2iv8,蘇秀文傳道,67,,0,,港福堂粵語網上門訓系列崇拜：03月28日 蘇秀文傳道【愛．要繫在心上】,2021-03-29
rVux35u5Jro,,67,,0,,Kong Fok Church Int'l Online Worship Service_20210403_Ps. Michelle Lo_Mark@Easter,2021-04-04
WhiBDCxpHWE,林朗熙傳道,67,,0,,港福堂學青網上崇拜：04月04日 林朗熙傳道【復活節崇拜】,2021-04-06
T0_6af2EUtM,唐然傳道,67,,0,,港福堂普通話網上崇拜：04月04日 唐然傳道【復活的大能】,2021-04-06
CROOnbslvKA,,67,,0,,Kong Fok Church Int'l Online Worship Service_20210410_Rev. John Snelgrove_ Explanation,2021-04-12
AHPoznZuwxk,李承希傳道,67,,0,,港福堂學青網上崇拜：04月11日 李承希傳道【記念：認識基督復活對世界的意義】,2021-04-12
lTc_KpCC9Bw,林明才傳道,67,,0,,港福堂普通話網上崇拜：04月11日 林明才傳道【耶穌討論禁食的問題】,2021-04-12
zt8Pe2Kd_sk,李永洪傳道,67,,0,,港福堂粵語網上門訓系列崇拜：04月10日 李永洪傳道【單單敬拜耶和華】,2021-04-12
0xi7oTCpu9w,吳安強傳道,67,,0,,港福堂粵語網上門訓系列崇拜：04月11日 吳安強傳道【誰是敬拜者？】,2021-04-12
pxEUgc98ESY,,67,,0,,KongFokChurch Int'l Online Worship Service_20210417_ Ps. James Tang_ Examination： The False Teachers,2021-04-19
o31Cf6KU40g,王恩瀚傳道,67,,0,,港福堂學青網上崇拜：04月18日 王恩瀚傳道【等待：從耶穌升天到聖靈降臨】,2021-04-19
ueGNQM5VwPE,唐然傳道,67,,0,,港福堂普通話網上崇拜：04月18日 唐然傳道【學會饒恕】,2021-04-19
WhMmlhQzug8,,67,,0,,KongFokChurch Int'l OnlineWorship Service_20210424_ Ps. Johnny Wong_ Exhortation： The True Christian,2021-04-26
yZM5N_wuqxs,,67,,0,,港福堂學青網上崇拜：04月25日 陳卓妍姊妹【擴展：從聖靈降臨到福音擴展】,2021-04-26
d43pYtjrhEg,林明才傳道,67,,0,,港福堂普通話網上崇拜：04月25日 林明才傳道【耶穌討論安息日的問題】,2021-04-26
IwqgkL7RguQ,李文耀博士,67,,0,,港福堂粵語網上門訓系列崇拜：04月25日 -2李文耀博士【在多元思想衝擊下維護自身信仰】,2021-04-26
wyrxBPo5_EQ,陳建霖先生,67,,0,,港福堂學青網上崇拜：05月02日 陳建霖先生【為何我們要與他人分享福音？】,2021-05-03
r5BWxW9BeOU,王國風傳道,67,,0,,港福堂粵語網上門訓系列聖餐崇拜：05月01日 王國風傳道【神聖的子民】,2021-05-03
4Zd_9MXJt_M,林明才傳道,67,,0,,港福堂粵語網上門訓系列聖餐崇拜：05月02日 -2林明才傳道【神聖的子民】,2021-05-03
O120m-7XCLg,,67,,0,,Kong Fok Church Int'l Online Worship Service_20210508_Julian Ng_Women in the Old Testament： Sarah,2021-05-10
NiOLdHCUfLk,,67,,0,,港福堂學青網上崇拜：05月09日 李康莛姊妹【福音搭橋之一：認識對方】,2021-05-10
PWEx5ChuB2w,唐然傳道,67,,0,,港福堂普通話網上崇拜：05月09日 唐然傳道【關係的更新】,2021-05-10
EujoIsZvFH0,林朗熙傳道,67,,0,,港福堂學青網上崇拜：05月16日 林朗熙傳道【福音搭橋之二：建立關係】,2021-05-17
9mKR_5ysEss,林明才傳道,67,,0,,港福堂普通話網上崇拜：05月16日 林明才傳道【耶穌的自我隱藏】,2021-05-17
45W_EHZz9G4,何慧芬牧師,67,,0,,港福堂粵語網上門訓系列崇拜：05月15日 -1何慧芬牧師【豁免 vs 賜福】,2021-05-17
hHtvBSumoSY,黃勁梅傳道,67,,0,,港福堂粵語網上門訓系列崇拜：05月16日 -3黃勁梅傳道【節期限定】,2021-05-17
itne0to8RJo,孫靜敏傳道,67,,0,,港福堂學青網上崇拜：05月23日 孫靜敏傳道【福音搭橋之三：分享信仰】,2021-05-24
HZvBsskgevU,唐然傳道,67,,0,,港福堂普通話網上崇拜：05月23日 唐然傳道【生命的更新】,2021-05-24
XebMzv7P6lg,王恩瀚傳道,67,,0,,港福堂學青網上崇拜：05月30日 王恩瀚傳道【福音搭橋之四：邀請參與教會生活】,2021-05-31
CZn0rVf3rfM,林明才傳道,67,,0,,港福堂普通話網上崇拜：05月30日 林明才傳道【耶穌設立門徒跟隨祂】,2021-05-31
tm68_Y7mfOM,李承希傳道,67,,0,,港福堂粵語網上門訓系列崇拜：05月30日 -1李承希傳道【把惡除掉】,2021-05-31
KIdZJ1u0Xj8,孫靜敏傳道,67,,0,,港福堂粵語網上門訓系列崇拜：05月30日 -3孫靜敏傳道【除掉、棄絕】,2021-05-31
OHY1VD_yPOs,唐然傳道,67,,0,,港福堂普通話網上崇拜：06月06日 唐然傳道【《聖經》中的親兄弟之該隱與埃布爾】,2021-06-07
RRXx9UFeccI,,67,,0,,港福堂學青網上崇拜：06月06日 馬嘉言姊妹【找尋戰友：建立福音事工上的伙伴】,2021-06-08
sN0fxcYVxOM,林朗熙傳道,67,,0,,港福堂粵語網上門訓系列聖餐崇拜：06月05-06日 林朗熙傳道【真的，假不了】,2021-06-08
_XHc5LAXlSc,吳周婉貞傳道,67,,0,,港福堂粵語網上門訓系列聖餐崇拜：06月06日 吳周婉貞傳道【大環境下，行窄路】,2021-06-08
cEC2m9Uzo6M,林明才傳道,67,,0,,港福堂普通話網上崇拜：06月13日 林明才傳道【耶穌教導撒種的比喻】,2021-06-15
gzk8f6S5QAo,李承希傳道,67,,0,,港福堂學青網上崇拜：06月13日 李承希傳道【傳承使命：預備自己成為能教導人的人】,2021-06-16
u-uLUMw9qvs,李文耀博士,67,,0,,港福堂粵語網上門訓系列崇拜：06月13日 -2李文耀博士【紀律的執行：教外與教內】,2021-06-16
6HXsEb7gV2c,孫靜敏傳道,67,,0,,港福堂學青網上崇拜：06月20日 孫靜敏傳道【面對挑戰：在異端及困難的末世中 持守真道】,2021-06-22
GL2RlKmYQhE,唐然傳道,67,,0,,港福堂普通話網上崇拜：06月20日 唐然傳道【父親的心聲】,2021-06-22
GjnE89JXpzQ,王恩瀚傳道,67,,0,,港福堂學青網上崇拜：06月27日 王恩瀚傳道【奔跑不放棄：堅持到最後的秘訣】,2021-06-28
WM63qS_mKjw,林明才傳道,67,,0,,港福堂普通話網上崇拜：06月27日 林明才傳道【耶穌用比喻解釋天國】,2021-06-28
7aQQEXS9pP4,鄭玉兒傳道,67,,0,,港福堂粵語門訓系列崇拜：06月26-27日 鄭玉兒傳道【公義與憐憫的取捨】,2021-06-28
sidLYa33_ow,楊芝華傳道,67,,0,,港福堂粵語門訓系列崇拜：06月27日 楊芝華傳道【爭戰之顧己及人】,2021-06-29
QMG7JBCCnkA,林朗熙傳道,67,,0,,港福堂學青網上崇拜：07月04日 林朗熙傳道【贏與輸的界限】 PED,2021-07-06
dhb-6dGcOlc,唐然傳道,67,,0,,港福堂普通話網上崇拜：07月04日 唐然傳道【《聖經》中的親兄弟之以掃與雅各布】,2021-07-06
zqXLdXhgKXc,蘇秀文傳道,67,,0,,港福堂粵語門訓系列聖餐崇拜：07月03-04日 蘇秀文傳道【後古代男女關係】,2021-07-06
sgj7VmxI-uI,吳安強傳道,67,,0,,港福堂粵語門訓系列聖餐崇拜：07月04日  2吳安強傳道【真情與真愛】 PED,2021-07-06
-s3WpzDR3ic,,67,,0,,Kong Fok Church Int'l Online Worship Service_20210710_Ps. James Tang _The Twenty-Third Psalm Remix,2021-07-12
R8XiHvnR7ms,林明才傳道,67,,0,,港福堂普通話網上崇拜：07月11日 林明才傳道【耶穌平靜風和海】,2021-07-12
x56gdMiuoNw,李承希傳道,67,,0,,港福堂粵語門訓系列崇拜：07月10-11日 李承希傳道【全方位的敬虔人生】,2021-07-12
K7vThQazU_s,孫靜敏傳道,67,,0,,港福堂學青網上崇拜：07月11日 孫靜敏傳道【失敗可恥，但很有用？ 從聖經人物看失敗的教訓】,2021-07-13
ekFcmw0NObA,何慧芬牧師,67,,0,,港福堂粵語門訓系列崇拜：07月11日 何慧芬牧師【維護純正的身份】,2021-07-13
m1HjDqoJDuk,,67,,0,,Kong Fok Church Int'l Online Worship Service_20210717_Rev. John Snelgrove _Mind if I Sit Down ？,2021-07-18
YL1SHDs9wbU,王恩瀚傳道,67,,0,,港福堂學青網上崇拜：07月18日 王恩瀚傳道【人生無常：順逆之間的適應】,2021-07-18
xlMRbBq0JZM,唐然傳道,67,,0,,港福堂普通話網上崇拜：07月18日 唐然傳道【《聖經》中的親兄弟之約瑟與他的哥哥們】,2021-07-19
yDtHC0CkKkE,王志強牧師,67,,0,,港福堂粵語門訓系列崇拜：07月24-25日 王志強牧師【導向聖潔、公義、良善的妥拉】,2021-07-19
bJ8mrKAoWyY,林明才傳道,67,,0,,港福堂普通話網上崇拜：07月25日 林明才傳道【耶穌在格拉森趕鬼】,2021-07-25
8thpEXueSUo,,67,,0,,Kong Fok Church Int'l Online Worship Service_20210724_Rev. John Snelgrove _Deadly Lies Exposed,2021-07-26
BlbBD1lRMKI,,67,,0,,Kong Fok Church Int'l Online Worship Service_20210731_Ps. Johnny Wong _Spiral of Sin,2021-08-02
sFWvVlPLps0,鄭毓華傳道,45,羅馬書,0,,港福堂學青網上崇拜：08月01日 鄭毓華傳道【羅馬書簡介：福音的核心】,2021-08-02
stQ30Of5pK0,林誠信牧師,67,,0,,港福堂粵語門訓系列聖餐崇拜：08月01日 -2林誠信牧師【如何回應聖約的要求？】,2021-08-02
v0kRJpT9DRQ,,67,,0,,Kong Fok Church Int'l Online Worship Service_20210807_Rev. John Snelgrove _Freedom Revolution,2021-08-09
rG8qvE4r5mI,李承希傳道,67,,0,,港福堂學青網上崇拜：08月08日 李承希傳道【神的義憤：人類有幾墮落？】,2021-08-09
B5QLPTEUx3Q,林明才傳道,67,,0,,港福堂普通話網上崇拜：08月08日 林明才傳道【耶穌是全能的醫治者】 PED,2021-08-09
2neqIleCwqM,黃勁梅傳道,67,,0,,港福堂粵語門訓系列崇拜：08月-08日 -2黃勁梅傳道【福禍所繫】,2021-08-09
B8w_jfgLkBA,楊芝華傳道,67,,0,,港福堂粵語門訓系列崇拜：08月08日 -1楊芝華傳道【福禍誰定】,2021-08-09
HiflPSjwz6k,,67,,0,,Kong Fok Church Int'l Online Worship Service_20210814_Ps. Michelle Lo_Take Every Thought Captive,2021-08-17
9LfeZZwXARg,唐然傳道,67,,0,,港福堂普通話網上崇拜：08月15日 唐然傳道【僕人敬聽】,2021-08-17
SzsUXh-aeEM,,67,,0,,Kong Fok Church Int'l Online Worship Service_20210821_Rev. John Snelgrove_Grace That Silences Shame,2021-08-23
XHvqaj5nTE0,王恩瀚傳道,67,,0,,港福堂學青網上崇拜：08月22日 王恩瀚傳道【罪的權勢：罪如何轄制人類？】,2021-08-23
N8D1OHssk60,林明才傳道,67,,0,,港福堂普通話網上崇拜：08月22日 林明才傳道【耶穌被自己的家鄉遺棄】,2021-08-23
zxGvxKHi7bs,,67,,0,,Kong Fok Church Int'l Online Worship Service_20210828_Paul Roth_Staggered by the Mountain,2021-08-30
_0BCjdvfuyM,孫靜敏傳道,67,,0,,港福堂學青網上崇拜：08月29日 孫靜敏傳道【新世代福音：藉信稱義】,2021-08-30
BupuuWUc27Q,唐然傳道,67,,0,,港福堂普通話網上崇拜：08月29日 唐然傳道【以便以謝】,2021-08-30
jht0XYTDIc8,唐力行傳道,67,,0,,港福堂粵語門訓系列崇拜：08月28-29日 唐力行傳道【It's your turn 該到你們了】,2021-08-30
ECDGL3L-Tfo,林朗熙傳道,67,,0,,港福堂粵語門訓系列崇拜：08月29日 -3林朗熙傳道【逾越生死的抉擇】,2021-08-30
HgXVZ-eEEls,,67,,0,,Kong Fok Church Int'l Online Worship Service_20210904_Rev. John Snelgrove_The Garden of Your Mind,2021-09-06
2A980EA6fqY,林朗熙傳道,58,希伯來書,0,,港福堂學青網上崇拜：09月05日 林朗熙傳道【希伯來書的「信心偉人」：成敗得失論人生】,2021-09-06
lAypwiDfiGg,林明才傳道,67,,0,,港福堂普通話網上崇拜：09月05日 林明才傳道【耶穌被自己的家鄉遺棄】,2021-09-06
hJHobWHHZYU,林誠信牧師,67,,0,,港福堂粵語門訓系列聖餐崇拜：09月04-05日 林誠信牧師【交棒接棒．傳承主道】,2021-09-06
VIl--nj3_h4,唐然傳道,67,,0,,港福堂普通話網上崇拜：09月12日 唐然傳道【信心與行為】,2021-09-13
bVuTuUjBp5Y,,67,,0,,KFC Int'l Online Worship Service_20210911_Ps. James Tang_Introduction to the Letters to Timothy,2021-09-14
od_-CxLxkxM,王恩瀚傳道,67,,0,,港福堂學青網上崇拜：09月12日 王恩瀚傳道【雖千萬人吾往矣：挪亞的信心】,2021-09-14
iMm8vs29We4,李永洪傳道,67,,0,,港福堂粵語門訓系列崇拜：09月12日 -1李永洪傳道【離別歌：情深說話】,2021-09-14
pDT1T1KWCYU,,67,,0,,Kong Fok Church Int'l Online Worship Service_20210918_Ps. Michelle Lo_To Uphold Truth （1 Timothy 1）,2021-09-20
tUoWLRCkPf4,李承希傳道,67,,0,,港福堂學青網上崇拜：09月19日 李承希傳道【亞伯拉罕的蛻變（1）：從吾珥到迦南地的突破】,2021-09-20
Qnm-fiJEG_0,林明才傳道,67,,0,,港福堂普通話網上崇拜：09月19日 林明才傳道【耶穌差遣門徒】,2021-09-20
ojawtxsVgFE,吳安強傳道,67,,0,,港福堂粵語門訓系列崇拜：09月18-19日 吳安強傳道【最後的叮嚀】,2021-09-20
FyQkuV64nxQ,吳周婉貞傳道,67,,0,,港福堂粵語門訓系列崇拜：09月19日 -3吳周婉貞傳道【超乎想像的祝福】,2021-09-20
2BjNKD39q9s,,67,,0,,Kong Fok Church Int'l Online Worship Service_20210925_Ps. Johnny Wong_To Pray （1 Timothy 2）,2021-09-27
FPuWnATau70,孫靜敏傳道,67,,0,,港福堂學青網上崇拜：09月26日 孫靜敏傳道【亞伯拉罕的蛻變（2）：信心之父的軟弱和恩典】,2021-09-27
h-I4gzrBkUk,,67,,0,,Kong Fok Church Int'l Online Worship Service_20211002_Ps. James Tang_To Lead (1 Timothy 3),2021-10-05
LAvknfdMXXI,唐力行傳道,67,,0,,港福堂學青網上崇拜：10月03日 唐力行傳道【藉信稱義的亞伯拉罕：信心的榜樣】,2021-10-05
rnJsW7O5Dtw,林明才傳道,67,,0,,港福堂普通話網上崇拜：10月03日 林明才傳道【耶穌的開路先鋒殉道】,2021-10-05
ntGiCDpxW6Y,林誠信牧師,67,,0,,港福堂粵語門訓系列崇拜：10月02-03日 林誠信牧師【亦僕亦友的感恩與代求】,2021-10-05
FGet4kXlbyU,,67,,0,,Kong Fok Church Int'l Online Worship Service_20211009_Ps. Johnny Wong_ Charged_To Serve (1 Tim 4),2021-10-10
Inm7_aq-UrI,,67,,0,,港福堂學青網上崇拜：10月10日 李康莛姊妹【重獲新生與希望：與耶穌基督復和】,2021-10-10
6JeWSGuvm6g,唐然傳道,67,,0,,港福堂普通話網上崇拜：10月10日 唐然傳道【真道所祝福的人生】,2021-10-11
zxollKXV4gU,王恩瀚傳道,67,,0,,港福堂學青網上崇拜：10月17日 王恩瀚傳道【戰勝罪惡的力量來源：與基督聯合】,2021-10-17
XtpvFH_abU4,林明才傳道,67,,0,,港福堂普通話網上崇拜：10月17日 林明才傳道【耶穌行五餅二魚的神跡】,2021-10-18
Sb5zEVwfHWY,,67,,0,,Kong Fok Church Int'l Online Worship Service_20211023_Ps. Michelle Lo_To Fight (1 Timothy 6),2021-10-25
qHdVasn0XOc,李承希傳道,67,,0,,港福堂學青網上崇拜：10月24日 李承希傳道【罪中掙扎：律法對人的意義及限制】,2021-10-25
y-5fyf2HEP4,唐然傳道,67,,0,,港福堂普通話網上崇拜：10月24日 唐然傳道【真道所建立的群體】,2021-10-25
iKQNdvYWieE,李文耀博士,67,,0,,港福堂粵語門訓系列崇拜：10月23-24日 李文耀博士【退場後的開放心靈】,2021-10-25
-6At1fXlCdQ,,67,,0,,Kong Fok Church Int'l Online Worship Service_20211030_Ps. James & Joe Tang_Missions Weekend Service,2021-11-01
natvJrIJDmU,孫靜敏傳道,67,,0,,港福堂學青網上崇拜：10月31日 孫靜敏傳道【聖靈帶來的生命：自由與釋放】,2021-11-01
z2MGmgpaWTw,徐武豪博士,67,,0,,港福堂普通話網上崇拜：10月31日 徐武豪博士【见证耶稣的人生】,2021-11-01
c9E0-DBgM48,,67,,0,,Kong Fok Church Int'l Online Worship Service_20211106_Ps. Johnny Wong_To Guard （2 Timothy 1）,2021-11-08
scEq_goHtDk,林朗熙傳道,67,,0,,港福堂學青網上崇拜：11月07日 林朗熙傳道【雅各的堅執和放下（1）：用詭計奪取的前半生】,2021-11-08
6twSwq4pZoA,,67,,0,,Kong Fok Church Int'l Online Worship Service_20211113_Mo Kwok_To Work (2 Timothy 2),2021-11-15
Oi6iJ4oD3lo,李承希傳道,67,,0,,港福堂學青網上崇拜：11月14日 李承希傳道【雅各的堅執和放下（2）：遇見上帝而得的釋放 和恩典】,2021-11-15
vzd3wodOdqc,唐然傳道,67,,0,,港福堂普通話網上崇拜：11月14日 唐然傳道【以禱告代替怨言】,2021-11-15
K9xd7HQDIFo,司徒永富博士,67,,0,,港福堂粵語門訓系列崇拜：11月13日 司徒永富博士【僕人生命的操練】,2021-11-15
TIJ_QKgvrpI,曾裔貴牧師,67,,0,,港福堂粵語門訓系列崇拜：11月14日 -2曾裔貴牧師【升為至高的主】,2021-11-15
WhLBFUcD6Mw,,67,,0,,Kong Fok Church Int'l Online Worship Service_20211120_ Ps. James Tang_ To Continue （2 Timothy 3）,2021-11-22
56nokriGvT8,王恩瀚傳道,67,,0,,港福堂學青網上崇拜：11月21日 王恩瀚傳道【約瑟的人生（1）—從夢想到低谷的掙扎】,2021-11-22
mqKLvWkF4RQ,林明才傳道,67,,0,,港福堂普通話網上崇拜：11月21日 林明才傳道【行走在海面上的耶穌】,2021-11-22
JpwMGVqlGLM,林誠信牧師,67,,0,,港福堂粵語門訓系列崇拜：11月20-21日 林誠信牧師【順服主之僕友群體】,2021-11-22
kw83ZBDmZ2E,,67,,0,,Kong Fok Church Int'l Online Worship Service_20211127_ Ps. Michelle Lo_ To Preach（2 Timothy 4）,2021-11-29
J5txVaioGW4,鄭玉兒傳道,67,,0,,港福堂學青網上崇拜：11月28日 鄭玉兒傳道【學青社關主題分享：「讓基督的愛流動」】,2021-11-29
Y8hGmmaMtkw,林明才傳道,67,,0,,港福堂普通話網上崇拜：11月28日 林明才傳道【耶穌解釋神的誡命與人的道理的分別】,2021-11-29
JmiQBbK6rxA,蔡宇稜傳道,67,,0,,港福堂粵語門訓系列崇拜：11月28日 -1蔡宇稜傳道【以新眼界　進新境界】,2021-11-29
L0rDVDB62ec,孫靜敏傳道,67,,0,,港福堂粵語門訓系列崇拜：11月28日 -3孫靜敏傳道【你屬哪裡的國民 ？】,2021-11-29
aANw8Gc6JP0,,67,,0,,Kong Fok Church Int'l Online Worship Service_20211204_Ps. Johnny Wong_ Mary,2021-12-06
ASLbgK18bp4,林朗熙傳道,67,,0,,港福堂學青網上崇拜：12月05日 林朗熙傳道【兩性之間的差異和相處】,2021-12-06
ul1r2MC0laA,林誠信牧師,67,,0,,港福堂粵語門訓聖餐系列崇拜：12月-04-05日 林誠信牧師【同心喜樂的事奉】,2021-12-06
iw2Wx8NeOl8,,67,,0,,Kong Fok Church Int'l Online Worship Service_20211211_Rev. John Snelgrove_The Shepherds,2021-12-13
jqBCiq0Xn7w,孫靜敏傳道,67,,0,,港福堂學青網上崇拜：12月12日 孫靜敏傳道【持守聖潔的界線：正確的男女關係】,2021-12-13
4zTiyjfJ4_Q,唐然傳道,67,,0,,港福堂普通話網上崇拜：12月12日 唐然傳道【有禰，我生命不一樣！】,2021-12-13
d1iCpbgd4UU,,67,,0,,Kong Fok Church Int'l Online Worship Service_20211218_Ps. Michelle Lo_The Wise Men,2021-12-19
LWuwwtzJ3gg,唐力行傳道,67,,0,,港福堂粵語門訓系列崇拜：12月18日 -1唐力行傳道【與神同工的信仰群體】,2021-12-19
vj4a325LMm8,何慧芬牧師,67,,0,,港福堂粵語門訓系列崇拜：12月19日 -2何慧芬牧師【生命的秘訣】,2021-12-19
po0ud4hcaNY,,67,,0,,港福堂學青網上崇拜：12月19日 劉詠嫻姊妹【忠誠與委身：正確的婚姻價值觀】,2021-12-20
iemBBdKVjSY,林明才傳道,67,,0,,港福堂普通話網上崇拜：12月19日 林明才傳道【耶穌與希臘婦人的對話】,2021-12-20
sflab4dUYWs,,67,,0,,Kong Fok Church Int'l Online Worship Service 20211225 Ps  James KFCi The Baby Jesus,2021-12-27
bcJIi59vMoA,李承希傳道,67,,0,,港福堂學青網上崇拜：12月26日 李承希傳道【願照你的話成就在我身上】,2021-12-27
V4qs1pXjEY4,林明才傳道,67,,0,,港福堂普通話網上崇拜：12月26日 林明才傳道【耶穌醫治耳聾舌結的人】,2021-12-28
a3D-wYUoWtY,,67,,0,,Kong Fok Church Int'l Online Worship Service 20220101 Rev  John Snelgrove A New Thing,2022-01-04
aVmI29yr7O0,,67,,0,,港福堂學青網上崇拜：01月02日 李嘉媛姊妹【你欠生命一個神蹟】,2022-01-04
wxHnEXO9jdA,林明才傳道,67,,0,,港福堂普通話網上崇拜：01月02日 林明才傳道【新年快樂】,2022-01-04
2XfRSLroW14,,67,,0,,Kong Fok Church Int'l Online Worship Service_20220108_ Ps. James Tang_ The Place of Pain,2022-01-10
W2NV6WCP63U,黃勁梅傳道,67,,0,,港福堂粵語門訓系列崇拜：01月08日 黃勁梅傳道【行在光明中】,2022-01-10
TKQKgKkgJ_U,李承希傳道,67,,0,,港福堂學青網上崇拜：01月09日 李承希傳道【上帝選民的源起：揀選及見證】,2022-01-11
m-FRHfs0A4w,唐然傳道,67,,0,,港福堂普通話網上崇拜：01月09日 唐然傳道【活出上帝的榮耀】,2022-01-11
91AUaUOa0RI,唐力行傳道,67,,0,,港福堂粵語門訓系列崇拜：01月09日 唐力行傳道【團契—生命相遇與延續之處】,2022-01-11
xmtHbmLkDSw,,67,,0,,Kong Fok Church Int'l Online Worship Service_20220115_Rev. John Snelgrove_Look Beneath the Surface,2022-01-17
-ZfZFF9QjQU,林朗熙傳道,67,,0,,港福堂學青網上崇拜：01月16日 林朗熙傳道【上帝選民的失敗：不信從上帝的福音】,2022-01-17
nmNA-3ozXi0,林明才傳道,67,,0,,港福堂普通話網上崇拜：01月16日 林明才傳道【耶穌行七餅和幾條小魚的神跡】,2022-01-17
XABeXVOB9uE,,67,,0,,Kong Fok Church Int'l Online Worship Service_20220122_Ps. Michelle Lo_Break the Power of the Past,2022-01-25
Qi05D8MjnOo,李承希傳道,67,,0,,港福堂學青網上崇拜：01月23日 李承希傳道【上帝堅定不移的旨意：遍佈全世界的拯救】,2022-01-25
xwWREU-A1_c,孫靜敏傳道,67,,0,,港福堂粵語門訓系列崇拜：01月23日 孫靜敏傳道【生命如光，行在光中】,2022-01-25
hvnNCijSrgQ,唐然傳道,67,,0,,港福堂普通話網上崇拜：01月23日 唐然傳道【活出屬天的見證】,2022-01-26
8640JIXYC3c,吳安強傳道,67,,0,,港福堂粵語門訓系列崇拜：01月22日 吳安強傳道【真門徒的生命】,2022-01-26
ddSBg64k8R8,林朗熙傳道,67,,0,,港福堂學青網上崇拜：01月30日 林朗熙傳道【上帝兒女的回應：獻作活祭的生活】,2022-01-31
txZgvb2G1hY,林誠信牧師,67,,0,,港福堂粵語門訓系列崇拜：01月29-30日 林誠信牧師【不愛世界何解？】,2022-01-31
d2D9L--aCb8,林明才傳道,67,,0,,港福堂普通話網上崇拜：01月30日 林明才傳道【耶穌醫治瞎子與耶穌的預言】,2022-02-01
OA0QH4Z0O5Y,,67,,0,,Kong Fok Church Int'l Online Worship Service_20220205_Ps. James Tang_Receive the Gift of Limits,2022-02-07
q69xfIq5xNM,李承希傳道,67,,0,,港福堂學青網上崇拜：02月06日 李承希傳道【約瑟的人生（2）：從絕處到順境下的寬恕】,2022-02-07
oIBBFdlryIM,,67,,0,,Kong Fok Church Int'l Online Worship Service_20220212_Rev. John Snelgrove_Sabbath,2022-02-14
LwyuYeWyiuY,王恩瀚傳道,67,,0,,港福堂學青網上崇拜：02月13日 王恩瀚傳道【摩西的成長（1）：從埃及王子到飄流異鄉的試煉】,2022-02-14
99SB9vsVx2o,林明才傳道,67,,0,,港福堂普通話網上崇拜：02月13日 林明才傳道【耶穌的登山變相事件】,2022-02-14
evErTMDCGEc,何慧芬牧師,67,,0,,港福堂粵語門訓系列崇拜：02月12日 何慧芬牧師【分辨與持守】,2022-02-14
3PVPpWeyfDc,林朗熙傳道,67,,0,,港福堂粵語門訓系列崇拜：02月13日 林朗熙傳道【假的真不了】,2022-02-14
XvVHclAWSp0,,67,,0,,Kong Fok Church Int'l Online Worship Service_20220219_Ps. Michelle Lo_Experiencing Grief and Loss,2022-02-22
iuw6vDAz1hE,孫靜敏傳道摩西的成長,67,,0,,港福堂學青網上崇拜：02月20日 孫靜敏傳道摩西的成長（2）：順服上帝而行的神蹟奇事,2022-02-22
Eq2Bv9YZsSE,唐然傳道,67,,0,,港福堂普通話網上崇拜：02月20日 唐然傳道【耶和華以勒】,2022-02-22
qqRab-W6jj8,楊芝華傳道,67,,0,,港福堂粵語門訓系列崇拜：02月19日 楊芝華傳道【神兒女的特質】,2022-02-22
PwBsYwVjxGM,王國風傳道,67,,0,,港福堂粵語門訓系列崇拜：02月20日 王國風傳道【神的兒女】,2022-02-23
Wc0LNM5CO4k,林明才傳道,67,,0,,港福堂普通話網上崇拜：02月27日 林明才傳道【耶穌教導信心的屬靈功課】,2022-02-28
YjhjQtSbsIs,,67,,0,,Kong Fok Church Int'l Online Worship Service_20220226_Rev. John_Introduction (Gospel of John),2022-03-01
JMVOSn2JEUQ,,67,,0,,Kong Fok Church Int'l Online Worship Service_20220305_ Ps. Johnny Wong_ The Bread of Life,2022-03-08
cfd_7td7xFo,林朗熙傳道,67,,0,,港福堂學青網上崇拜：03月06日 林朗熙傳道【耶穌的榮耀進城？】,2022-03-08
4jT-jdO1TPc,林誠信牧師,67,,0,,港福堂粵語門訓系列聖餐崇拜：03月05-06日 林誠信牧師【貼地的彼此相愛】,2022-03-08
bCkg1It-chU,,67,,0,,Kong Fok Church Int'l Online Worship Service_20220312_Ps. James Tang_The Light of the World,2022-03-14
6VIDy3gkEZE,王恩瀚傳道,67,,0,,港福堂學青網上崇拜：03月13日 王恩瀚傳道【挑戰聖殿權威的耶穌】,2022-03-14
BT2No6uawhw,林明才傳道,67,,0,,港福堂普通話網上崇拜：03月13日 林明才傳道【耶穌教導有關人生的輕與重】,2022-03-15
uf3D2ifQb48,,67,,0,,Kong Fok Church Int'l Online Worship Service_20220319_ Rev. John Snelgrove _The Door,2022-03-21
LWpRxBvRO6g,孫靜敏傳道,67,,0,,港福堂學青網上崇拜：03月20日 孫靜敏傳道【最後晚餐的耶穌】,2022-03-21
Ygl4qKgJFtU,唐然傳道,67,,0,,港福堂普通話網上崇拜：03月20日 唐然傳道【耶和華尼西】,2022-03-21
iObGZT2NGTM,吳安強傳道,67,,0,,港福堂粵語門訓系列崇拜中堂：03月20日 吳安強傳道【真門徒的標記】,2022-03-21
bB8wmnkapzs,吳周婉貞傳道,67,,0,,港福堂粵語門訓系列崇拜晚堂：03月19日 吳周婉貞傳道【越難…越愛】,2022-03-22
GsmV9sGEJ_k,,67,,0,,Kong Fok Church Int'l Online Worship Service_20220326_Ps. Michelle Lo_The Good Shepherd,2022-03-28
PdhXk6F-CpU,李承希傳道,67,,0,,港福堂學青網上崇拜：03月27日 李承希傳道【客西馬尼園內掙扎的耶穌】,2022-03-28
3ngdFifgnf8,林明才傳道,67,,0,,港福堂普通話網上崇拜：03月27日 林明才傳道【耶穌教導有關絆倒人的警告】,2022-03-29
nOcnb_IyBbA,,67,,0,,"Kong Fok Church Int'l Online Worship Service_20220402_Ps. James Tang_The Way, Truth, and Life",2022-04-04
SAvIBKY_jSY,林朗熙傳道,67,,0,,港福堂學青網上崇拜：04月03日 林朗熙傳道【面對眾人離棄的耶穌】,2022-04-04
kY15jJxsWlA,溫偉耀博士,67,,0,,港福堂普通話網上崇拜：04月02日 溫偉耀博士【「抗疫、抗逆」— 再見基督徒的「忍耐」與「恩慈」】,2022-04-04
RCJ1Fo7GtJE,林誠信牧師,67,,0,,港福堂粵語門訓系列聖餐崇拜：4月2-3日 林誠信牧師【勝過自我的愛．勝過世界的信】,2022-04-04
R0lTSSYHM28,,67,,0,,Kong Fok Church Int'l Online Worship Service_20220409_Ps. Johnny Wong_The Vine,2022-04-11
mY-ucizZE34,孫靜敏傳道,67,,0,,港福堂學青網上崇拜：04月10日 孫靜敏傳道【十字架上的耶穌】,2022-04-11
uW3RPOHYPHg,林明才傳道,67,,0,,港福堂普通話網上崇拜：04月10日 林明才傳道【耶穌教導有關離婚】,2022-04-11
oTb8tFRaGKk,,67,,0,,Kong Fok Church Int'l Online Worship Service_20220416_Rev. John _Easter： The Resurrection & Life,2022-04-19
jBZPcL8KFq4,王恩瀚傳道,67,,0,,港福堂學青網上崇拜：04月17日 王恩瀚傳道【面對復活耶穌的驚訝和恐慌】,2022-04-19
xNXU1Pjp2jU,唐然傳道,67,,0,,港福堂普通話網上崇拜：04月17日 唐然傳道【耶和華拉法】,2022-04-19
QZZ0CtCYnZw,李承希傳道,67,,0,,港福堂學青網上崇拜：04月24日 李承希傳道【面對復活耶穌的復興】,2022-04-25
iyj56NfWxxQ,林明才傳道,41,馬可福音,0,,港福堂普通話網上崇拜：04月24日 林明才傳道 《馬可福音》講道系列第31講：【耶穌說在天國的正像這樣的人】,2022-04-25
xPWQtAhAvwA,孫靜敏傳道,67,,0,,港福堂學青網上崇拜：05月01日 孫靜敏傳道【公共空間的生活】,2022-05-03
8stO3GXuLMw,唐然傳道,67,,0,,港福堂普通話網上崇拜：05月01日 唐然傳道【耶和華沙龍】,2022-05-03
aaZLNVIYh2g,,67,,0,,Kong Fok Church Int'l Online Worship Service_20220507_Sandra Snelgrove_Special Mother's Day Service,2022-05-08
iQ2aioDqyDk,李承希傳道,67,,0,,港福堂學青網上崇拜：05月08日 李承希傳道【教內肢體的相交】,2022-05-08
HXFtDW-cNyM,林明才傳道,67,,0,,港福堂普通話網上崇拜：05月08日 林明才傳道【愛】,2022-05-10
R41Bv1zNYQI,,67,,0,,Kong Fok Church Int'l Online Worship Service_20220514_Rev. John_A Spirit-Filled Church： Introduction,2022-05-17
rlIjYiveLk4,王恩瀚傳道,67,,0,,港福堂學青網上崇拜：05月15日 王恩瀚傳道【彼此接納的功課】,2022-05-17
Hylz-ceZkyc,唐然傳道,67,,0,,港福堂普通話網上崇拜：05月15日 唐然傳道【耶和華沙瑪】,2022-05-17
ISYMGntLKBE,何慧芬牧師,67,,0,,港福堂粵語門訓系列崇拜：05月15日  1何慧芬牧師【以愛相待 • 憑信慷慨】,2022-05-17
Qr7n__4-1Ik,,67,,0,,Kong Fok Church Int'l Online Worship Service_20220521_Ps. James Tang_A Word-Rooted Church,2022-05-23
R72L3lDa5tM,鄭玉兒傳道,67,,0,,港福堂學青網上崇拜：05月22日 鄭玉兒傳道【保羅與羅馬教會的宣教同工】,2022-05-23
O1qtQTd5Xqw,林明才傳道,41,馬可福音,0,,港福堂普通話網上崇拜：05月22日 林明才傳道【《馬可福音》講道系列第32講：耶穌教導錢財與天國的關係】,2022-05-23
jiFYEFLb8bs,方盧子樂傳道,67,,0,,港福堂粵語門訓系列崇拜：5月22日  方盧子樂傳道【竭力做一個虔誠的信徒】,2022-05-24
w04CKYU62Fk,蔡宇稜傳道,67,,0,,港福堂粵語門訓系列崇拜：5月22日  蔡宇稜傳道【蒙恩 • 敬虔】,2022-05-24
MYbLOVqRIMk,,67,,0,,Kong Fok Church Int'l Online Worship Service_20220528_ Ps. Johnny Wong_ A Hospitality-Driven Church,2022-05-30
4IaUrfumyws,李承希傳道,45,羅馬書,0,,港福堂學青網上崇拜：05月29日 李承希傳道【羅馬書回顧】,2022-05-30
SOq3oi7ONMw,林明才傳道,41,馬可福音,0,,港福堂普通話網上崇拜：05月29日 林明才傳道【《馬可福音》講道系列第33講： 耶穌教導門徒真正有意義的生命】,2022-05-30
x0BNhJhlMTI,,67,,0,,Kong Fok Church Int'l Online Worship Service_20220604_Ps. Michelle Lo_A Prayer-Centered Church,2022-06-06
jAo98uMsYdY,陳建霖弟兄,67,,0,,港福堂學青網上崇拜：06月05日 陳建霖弟兄【大學生活的挑戰】,2022-06-06
l3jK4NoJlX4,唐然傳道,67,,0,,港福堂普通話網上崇拜：06月05日 唐然傳道【耶和華齊根努】,2022-06-06
-f-XWZGzZ3g,,67,,0,,Kong Fok Church Int'l Online Worship Service_20220611_Ps. James Tang_A Community-Based Church,2022-06-13
LYBw-Mi6ks8,王恩瀚傳道,67,,0,,港福堂學青網上崇拜：06月12日 王恩瀚傳道【面對小信群眾的忍耐及掙扎】,2022-06-13
hFgY21lBvbk,林明才傳道,41,馬可福音,0,,港福堂普通話網上崇拜：06月12日 林明才傳道【《馬可福音》講道系列第34講： 耶穌教導真信心】,2022-06-13
BrccnFlKm9Y,,67,,0,,Kong Fok Church Int'l Online Worship Service_20220618_Rev. John Snelgrove_A Kingdom-Minded Church,2022-06-20
-VAhmNexg1Y,孫靜敏牧師,67,,0,,港福堂學青網上崇拜：06月19日 孫靜敏牧師【自身的失敗、回轉及結局】,2022-06-20
yMIO8JHcCnk,,67,,0,,港福堂普通話網上崇拜：06月19日 張瑪莉姊妹【父親節福音主日：親眼看見你】,2022-06-20
rsO3rAjRZiY,,67,,0,,Kong Fok Church Int'l Online Worship Service_20220625_Bonnie Kwong_Why Church ？,2022-06-27
0b0dfiRaYJc,林朗熙傳道,67,,0,,港福堂學青網上崇拜：06月26日 林朗熙傳道【耶利哥之役】,2022-06-27
kQeUeueLUVQ,林明才傳道,41,馬可福音,0,,港福堂普通話網上崇拜：06月26日 林明才傳道【《馬可福音》講道系列第35講：耶穌騎驢進入耶路撒冷】,2022-06-27
CFnadI8tJ44,李承希傳道,67,,0,,港福堂學青網上崇拜：07月03日 李承希傳道【見證及分享】,2022-07-04
6RD2--wjii8,唐然傳道,67,,0,,港福堂普通話網上崇拜：07月03日 唐然傳道【建立敬虔的下一代】,2022-07-04
3kjvithBhbo,,67,,0,,Kong Fok Church Int'l Online Worship Service_20220702_Rev. John Snelgrove_Faith and Work Pt. 1,2022-07-05
_UoppDMQz5M,,67,,0,,Kong Fok Church Int'l Online Worship Service_20220709_Anthony Yau_Faith and Work Pt. 2,2022-07-11
5XrgOQUCMDw,鄭玉兒傳道,67,,0,,港福堂學青網上崇拜：07月10日 鄭玉兒傳道【見證及分享】,2022-07-11
xC1jYNx8dpA,林明才傳道,41,馬可福音,0,,港福堂普通話網上崇拜：07月10日 林明才傳道《馬可福音》講道系列第36講：耶穌把人趕出聖殿？,2022-07-11
c2MoNiyTedw,林誠信牧師,67,,0,,港福堂粵語門訓系列崇拜：7月10日  林誠信牧師【日忙夜忙有何益處？】,2022-07-11
Fz1stJUvXeY,唐力行傳道,67,,0,,港福堂學青網上崇拜：07月17日 唐力行傳道【見證及分享】,2022-07-18
sdSbVx2Sy8o,唐然傳道,67,,0,,港福堂普通話網上崇拜：07月17日 唐然傳道【耶和華羅以】,2022-07-18
_1Kkg-w1V8A,,67,,0,,Kong Fok Church Int'l Online Worship Service_20220723_ Rev. John Snelgrove_Living in Circles,2022-07-25
MuePWZlIDqo,,67,,0,,港福堂學青網上崇拜：07月24日 關劉詠嫻執事【見證及分享】,2022-07-25
iHycZSaclUo,林明才傳道,41,馬可福音,0,,港福堂普通話網上崇拜：07月24日 林明才傳道【《馬可福音》講道系列第37講：耶穌教導有關權柄】,2022-07-25
VYXnpVvSdqY,吳安強牧師,67,,0,,港福堂粵語門訓系列崇拜：7月24日 吳安強牧師【活在當下】,2022-07-26
etsp25v1Ab0,孫靜敏牧師,67,,0,,港福堂粵語門訓系列崇拜：7月24日 孫靜敏牧師【虛空、捕風】,2022-07-26
ONdsHcX10kU,,67,,0,,Kong Fok Church Int'l Online Worship Service_20220730_ Ps. Johnny Wong_Disgusted with Life ？,2022-08-02
OF5ILOcmWck,方盧子樂傳道,67,,0,,港福堂學青網上崇拜：07月31日 方盧子樂傳道【見證及分享】,2022-08-02
hk1e3SUBulg,李文耀博士,67,,0,,港福堂粵語門訓系列崇拜：7月31日 李文耀博士【時間的體驗與珍惜】,2022-08-02
vjC4Lr4dtfc,,67,,0,,Kong Fok Church Int'l Online Worship Service_20220807_Gabriel Wong_Time and Toll,2022-08-08
rnoj8yp5Fz0,王恩瀚傳道,67,,0,,港福堂學青網上崇拜：08月07日 王恩瀚傳道【見證及分享】,2022-08-08
Sw_1y2aq8sM,林明才傳道,67,,0,,港福堂普通話網上崇拜：08月07日 林明才傳道【耶穌是那匠人所棄的石頭】,2022-08-08
gqNA-FF8BZ0,林誠信牧師,67,,0,,港福堂粵語門訓系列崇拜：8月7日 林誠信牧師【如何面對不公義的處境？】,2022-08-08
VV9G3rlyL1M,,67,,0,,Kong Fok Church Int'l Online Worship Service_20220813_Ps. Michelle Lo_Life Just Isn't Fair,2022-08-14
PM9PN1xBy5M,唐然傳道,67,,0,,港福堂普通話網上崇拜：08月14日 唐然傳道【上帝的大能】,2022-08-16
7kI1zj0dALU,,67,,0,,Kong Fok Church Int'l Online Worship Service_20220820_Ps. Rev. John Snelgrove_Stop! Thief !,2022-08-22
T0R5F5iehBk,林明才傳道,67,,0,,港福堂普通話網上崇拜：08月21日 林明才傳道【耶穌所教導的凱撒與上帝論】,2022-08-22
IXZFVS8XHds,何慧芬牧師,67,,0,,港福堂粵語門訓系列崇拜：8月21日  何慧芬牧師【無常人生的出路】,2022-08-23
axn6VbmPO-s,李承希傳道,67,,0,,港福堂粵語門訓系列崇拜：8月21日  李承希傳道【為誰勞碌為誰忙】,2022-08-23
uVpJsTW9zNs,,67,,0,,Kong Fok Church Int'l Online Worship Service_20220827_Ps. Johnny Wong_Is Life a Dead End Street？,2022-08-30
zEd1HVU8Fho,唐然傳道,67,,0,,港福堂普通話網上崇拜：8月28日 唐然傳道【看清自己，認識上帝！】,2022-08-30
6OJH1B46gpk,唐力行傳道,67,,0,,港福堂粵語門訓系列崇拜：8月28日 唐力行傳道【虛空的誘惑】,2022-08-30
1s7QSlImsj0,楊芝華牧師,67,,0,,港福堂粵語門訓系列崇拜：8月28日 楊芝華牧師【言語的威力】,2022-08-30
DxXE-broDGU,,67,,0,,Kong Fok Church Int'l Online Worship Service_20220903_Ps. James Tang_How to Be Better Off (Eccle. 7),2022-09-05
1nc4HZ8LJ-U,,67,,0,,KongFokChurch Int'l Online Worship Service_20220910_Ps. James Tang_What About the Wicked？ (Eccle. 8),2022-09-11
XYrahNuavJs,王恩瀚傳道,67,,0,,港福堂學青網上崇拜：09月11日 王恩瀚傳道【建立健全的教會領導（2）】,2022-09-11
ngtVnGzNkEM,林誠信牧師,67,,0,,港福堂粵語門訓系列崇拜：09月10-11日 林誠信牧師【財富真的萬能嗎？】,2022-09-11
qcI7OCwFbK4,林誠信牧師,67,,0,,港福堂粵語門訓系列崇拜：9月11日  林誠信牧師【財富真的萬能嗎？】,2022-09-13
nacW_C_qUPs,,67,,0,,Kong Fok Church Int'l Online Worship Service_20220917_Paul Roth_Meeting Your Last Enemy (Eccle. 9),2022-09-18
aatHK41UHuU,李承希傳道,67,,0,,港福堂學青網上崇拜：09月18日 李承希傳道【回應耶穌救恩的生活（1）】,2022-09-18
c02QmQ26fHk,唐然傳道,67,,0,,港福堂普通話網上崇拜：09月18日 唐然傳道【協力事主】,2022-09-19
33H6O8bMZ4A,孫靜敏牧師,67,,0,,港福堂粵語門訓系列崇拜：9月18日  孫靜敏牧師【順境不一定幸福】,2022-09-19
hWMBb9LwJGA,林朗熙傳道,67,,0,,港福堂粵語門訓系列崇拜：9月18日  林朗熙傳道【人生就係咁？】,2022-09-19
bctXLI23CUY,,67,,0,,KFC Int'l Online Worship Service_20220924_Ps. Michelle Lo_A Little Folly is Dangerous (Eccle. 10),2022-09-25
IwwLNCXu1pM,林朗熙傳道,67,,0,,港福堂學青網上崇拜：09月25日 林朗熙傳道【回應耶穌救恩的生活（2）】,2022-09-25
zJBjIsmuplg,林明才傳道,41,馬可福音,0,,港福堂普通話網上崇拜：09月25日 林明才傳道【《馬可福音》講道系列第41講：耶穌教導最大的誡命】,2022-09-26
VXK1VyEXZD8,唐然傳道,67,,0,,港福堂普通話網上崇拜：03月21日 唐然傳道【恩典與真理】,2022-10-02
Za3SE3J3DNM,吳周婉貞傳道,67,,0,,港福堂粵語門訓系列聖餐崇拜：10月1日 吳周婉貞傳道【反轉生命的追求】,2022-10-03
IQpnEvJ36MU,吳安強牧師,67,,0,,港福堂粵語門訓系列聖餐崇拜：10月2日  吳安強牧師【順或逆的反思】,2022-10-04
LCgDu1hP1dY,林明才傳道,41,馬可福音,0,,港福堂普通話網上崇拜：10月09日 林明才傳道【《馬可福音》講道系列第42講：耶穌預言聖殿被毀】,2022-10-10
8IcXLm3SAqQ,唐力行傳道,67,,0,,港福堂粵語門訓系列崇拜：10月9日  唐力行傳道【由躺平到起身】,2022-10-10
w8ESZreHZes,王國風傳道,67,,0,,港福堂粵語門訓系列崇拜：10月9日  王國風傳道【萬事之理，誰能測透？】,2022-10-10
-etbdVF1Q14,,67,,0,,Kong Fok Church Int'l Online Worship Service_20221015_ Rev. Steve Gaultney_Track 2： Party Spirit,2022-10-17
6MdSQCNczQg,林朗熙傳道,67,,0,,港福堂學青網上崇拜：10月16日 林朗熙傳道【培養合宜的教會群體生活（1）】,2022-10-18
7RuN0BPk-AI,唐然傳道,67,,0,,港福堂普通話網上崇拜：10月16日 唐然傳道【靠主得勝】,2022-10-18
GDRzveHsf04,林朗熙傳道,67,,0,,港福堂學青網上崇拜：10月23日 林朗熙傳道【培養合宜的教會群體生活（2）】,2022-10-24
J73gqGxrUXQ,林明才傳道,41,馬可福音,0,,港福堂普通話網上崇拜：10月23日 林明才傳道【《馬可福音》講道系列第43講： 耶穌預言末世的大災難】,2022-10-24
OXTKvujnNhM,林朗熙傳道,67,,0,,港福堂學青網上崇拜：10月30日 林朗熙傳道【培養合宜的教會群體生活（3）】,2022-10-31
RQz6Eu0QJkI,唐然傳道,67,,0,,港福堂普通話網上崇拜：10月30日 唐然傳道【成為聖潔】,2022-10-31
LGSEjm8zAEE,,67,,0,,Kong Fok Church Int'l Online Worship Service_20221105_ Ps. Johnny Wong _ Track 4： Fleeing from Sin,2022-11-08
ia9bzSQND1E,李承希傳道,67,,0,,港福堂學青網上崇拜：11月06日 李承希傳道【天國的公平：葡萄園僕人的比喻】,2022-11-08
sLe5m5tFhR0,林明才傳道,67,,0,,港福堂普通話網上崇拜：11月05日 林明才傳道【耶穌要我們常記念這件美事】,2022-11-08
CYUeTTJLXvI,林誠信牧師,67,,0,,港福堂粵語門訓系列聖餐崇拜：11月6日   林誠信牧師【面對生死的智慧】,2022-11-08
TCHYu6wTvFs,,67,,0,,Kong Fok Church Int'l Online Worship Service_20221112_ Rev. John_Track 5： Order in the Church,2022-11-14
U1t6Ub-I2YM,王恩瀚傳道,67,,0,,港福堂學青網上崇拜：11月13日 王恩瀚傳道【誰人坐在主右邊：爭論誰為首的門徒】,2022-11-14
IACkNVR1tLA,林明才傳道,67,,0,,港福堂普通話網上崇拜：11月13日 林明才傳道【愛與饒恕】,2022-11-14
L5O3SOlm9Zk,唐然傳道,67,,0,,港福堂普通話網上崇拜：09月26日 唐然傳道【愛神與愛人】,2022-11-16
lQ6jv147LHU,,67,,0,,Kong Fok Church Int'l Online Worship Service_20221119_Ps. Michelle Lo_Track 6：Personal Relationships,2022-11-22
ESdzz6qel5I,李承希傳道,67,,0,,港福堂學青網上崇拜：11月20日 李承希傳道【才幹是否關鍵：受託僕人的比喻】,2022-11-22
98GprJy0s7I,,67,,0,,港福堂普通話網上崇拜：11月20日 Morgan Jackson【被揀選的世代：聽信真道】,2022-11-22
o4AIb7SBd3s,,67,,0,,Kong Fok Church Int'l Online Worship Service_20221126_ Rev. John Snelgrove_ Track 7： Spiritual Gifts,2022-11-28
osXq5iJNSrs,徐武豪博士,67,,0,,港福堂普通話網上崇拜：11月27日 徐武豪博士【不以福音為恥的信仰生命】,2022-11-29
_9h6TIZPipI,李文耀博士,67,,0,,港福堂粵語福音崇拜：11月27日   李文耀博士【智慧的限制】,2022-11-29
QHOzPnCJpkQ,,67,,0,,Kong Fok Church Int'l Online Worship Service_20221203_Ps. James Tang_Track 8 Resurrection,2022-12-05
a4Wg5vLpT64,林朗熙傳道,67,,0,,港福堂學青網上崇拜：12月04日 林朗熙傳道【盼望的時刻：耶穌基督降生的預言】,2022-12-05
4SpDIoyQLxs,唐然傳道,67,,0,,港福堂普通話網上崇拜：12月04日 唐然傳道【防備詭計】,2022-12-05
Lye_zTFJ6Hk,林誠信牧師,67,,0,,港福堂粵語門訓系列聖餐崇拜：12月4日   林誠信牧師【智勝危機與風險】,2022-12-06
YrnofGqLdpM,,67,,0,,Kong Fok Church Int'l Online Worship Service_20221210_Rev. John_MARY： A Child is About to be Born,2022-12-12
PWarH6cRsvg,李承希傳道,67,,0,,港福堂學青網上崇拜：12月11日 李承希傳道【信心的展現：馬利亞的回應】,2022-12-12
WxN5KZb2OfI,黃勁梅傳道,67,,0,,港福堂粵語門訓系列崇拜：12月10日 黃勁梅傳道【趁著年幼】,2022-12-12
HQTHe_1otp4,唐力行傳道,67,,0,,港福堂粵語門訓系列崇拜：12月11日 唐力行傳道【享受的秘訣】,2022-12-12
c15VhaND_sw,林明才傳道,41,馬可福音,0,,港福堂普通話網上崇拜：12月11日 林明才傳道【《馬可福音》講道系列第45講：耶穌的最後晚餐】,2022-12-13
NlmUy0VuzaM,,67,,0,,Kong Fok Church Int'l Online Worship Service_20221217_Ps. Johnny Wong_JOSEPH： Hearing from God,2022-12-19
lbDzStPZzgo,林朗熙傳道,67,,0,,港福堂學青網上崇拜：12月18日 林朗熙傳道【喜樂的回應：牧羊人及東方博士的故事】,2022-12-19
3I76fLw00OA,唐然傳道,67,,0,,港福堂普通話網上崇拜：12月18日 唐然傳道【專心跟從】,2022-12-20
VjRyz2L6XcY,蔡宇稜傳道,67,,0,,港福堂粵語門訓系列崇拜：12月17日 蔡宇稜傳道【悟有時，省有時，敬畏無限時】,2022-12-20
XWto6IXYxH8,,67,,0,,Kong Fok Church Int'l Online Worship Service 20221224 Ps  James Tang ： JESUS - Hope for the World,2022-12-27
BriWl2bxFTU,王恩瀚傳道,67,,0,,港福堂學青網上崇拜：12月25日 王恩瀚傳道【喜樂的回應：牧羊人及東方博士的故事】,2022-12-28
Ys9VvV1lKB8,林明才傳道,67,,0,,港福堂普通話網上崇拜：12月25日 林明才傳道【聖誕節快樂!】,2022-12-28
M4MqC1RNqcg,徐武豪博士,67,,0,,港福堂粵語門訓系列崇拜：12月18日 徐武豪博士【人生的終局與結局】,2022-12-31
m94lqq8y7L0,,67,,0,,20221231_Kong Fok Church Int'l Online Worship Service_Pastor Johnny Wong【Peace in Uncertain Times】,2023-01-01
eE7agWZoxqM,王恩瀚傳道,67,,0,,港福堂學青網上崇拜：01月01日 王恩瀚傳道【動盪世代下的平安】,2023-01-01
fdeYQEZc1n4,林明才傳道,67,,0,,港福堂普通話網上崇拜：01月01日 -3林明才傳道【從心出發】,2023-01-01
ycvMG01h3bo,林誠信牧師,67,,0,,港福堂粵語門訓系列聖餐崇拜：01月01日  林誠信牧師【藉我們賜恩福】,2023-01-06
6mnpQu97odc,,67,,0,,"20230107_KFCI Worship Service_Rev. John【Vision-Setting： Equipping the Saints, Serving the Community】",2023-01-08
M_SjODJSuAU,李承希傳道,67,,0,,港福堂學青網上崇拜：01月08日 李承希傳道【福音的起頭：耶穌基督的使命】,2023-01-08
MNa3Pp5T7_c,唐然傳道,67,,0,,港福堂普通話網上崇拜：01月08日  唐然傳道【由創造來認識造物主】（創1：3-23）,2023-01-08
wervXPgjbwc,,67,,0,,Kong Fok Church Int'l Online Worship Service_20230114_Ps. Seth Kim【Together】,2023-01-16
wipYgqe17W0,林朗熙傳道,67,,0,,港福堂學青網上崇拜：01月15日 林朗熙傳道【醫治的福音：耶穌與病人的相遇】,2023-01-16
WaZpUrG-yI8,林明才傳道,41,馬可福音,0,,港福堂普通話網上崇拜：01月15日  林明才傳道【馬可福音講道系列第46講：耶穌預言門徒跌倒】,2023-01-16
Q5x1-joj1Zg,,67,,0,,Kong Fok Church Int'l Online Worship Service 20230121 Ps  Johnny Wong 【Prepared 】 ED,2023-01-25
CRHeuUEYF7I,李承希傳道,67,,0,,港福堂學青網上崇拜：01月22日 李承希傳道 【罪人的福音：赦免癱子的耶穌】 ED,2023-01-25
jE17yinus0M,林明才傳道,67,,0,,港福堂普通話網上崇拜：01月22日  林明才傳道【新年蒙福】 ED,2023-01-25
S8hnO78wnQE,,67,,0,,Kong Fok Church Int'l Online Worship Service_20230128_ Rev. John Snelgrove【Equipped】,2023-01-30
vwTdF4vRlgM,,67,,0,,港福堂學青網上崇拜：01月29日 盧鳳雯姊妹【安息的福音：掌管安息日的耶穌】,2023-01-30
KPMCUgQY9Uw,,67,,0,,港福堂普通話網上崇拜：01月29日  Kurt Johansen【那召你們的本是信實的必成就這事】,2023-01-30
ePM6K4I7Fx8,王國風傳道,67,,0,,港福堂粵語福音崇拜：01月28日 王國風傳道【神的兒子、人的僕人】,2023-01-31
A5EYsz2-8Is,林朗熙傳道,67,,0,,港福堂粵語福音崇拜：01月29日  林朗熙傳道【為何信耶穌】,2023-01-31
NoTcFTVWIMw,,67,,0,,Kong Fok Church Int'l Online Worship Service_20230204_Ps. Johnny Wong【Witness】,2023-02-06
-6sp6ZnewOw,王恩瀚傳道,67,,0,,港福堂學青網上崇拜：02月05日 王恩瀚傳道【呼召門徒與戰勝邪靈：滿有權柄的耶穌】,2023-02-06
myl-rACSGXA,林明才傳道,41,馬可福音,0,,港福堂普通話網上崇拜：02月05日 林明才傳道【馬可福音講道系列第47講：耶穌的客西馬尼園禱告】,2023-02-06
RCfd-bZyaro,何偉強牧師,67,,0,,港福堂粵語門訓系列聖餐主日崇拜：02月04日  何偉強牧師【人生轉捩點】,2023-02-07
8nTDJlYCVsQ,李文耀博士,67,,0,,港福堂粵語門訓系列聖餐主日崇拜：02月05日  李文耀博士【能容得下耶穌的信仰】,2023-02-07
XPy29aHCm8M,,67,,0,,Kong Fok Church Int'l Online Worship Service_20230211_ Ps. James Tang【Proclaim】,2023-02-13
HyDeGf5ol4Q,林誠信牧師及社區中心籌委,67,,0,,港福堂學青網上崇拜：02月12日 林誠信牧師及社區中心籌委【港福社區中心異象分享信息】,2023-02-16
vAvNgpXE3tg,,67,,0,,KongFokChurch Int'l Online Worship Service_20230218_Rev. John【Introduction： The Parables of Jesus】,2023-02-19
7LTggCvOCzk,李承希傳道,67,,0,,港福堂學青網上崇拜：02月19日 李承希傳道【聽道領受的分別：撒種的比喻】,2023-02-19
0ikVPsKRoo8,唐然傳道,67,,0,,港福堂普通話網上崇拜：02月19日 唐然傳道【由創造來看神和人的關係】,2023-02-19
RPL82H9CQN0,林誠信牧師,67,,0,,港福堂粵語門訓系列崇拜：02月18-19日 林誠信牧師【耶穌是安息日的主】,2023-02-20
Q7rZO9oMoHw,,67,,0,,港福堂學青網上崇拜：02月26日 何嘉敏姊妹【由小長大的奧秘：天國的比喻】,2023-02-27
c2ldV0ELYW4,林明才傳道,41,馬可福音,0,,港福堂普通話網上崇拜：02月26日 林明才傳道《馬可福音》【講道系列第48講：耶穌被出賣】,2023-02-27
NlzhUb8KhbM,,67,,0,,Kong Fok Church Int'l Online Worship Service_20230304_ Gabriel Wong【The Parable of the Rich Fool】,2023-03-05
23tnJaexynk,王恩瀚傳道,67,,0,,港福堂學青網上崇拜：03月06日 王恩瀚傳道【充滿權柄的耶穌：戰勝風浪和魔鬼的事蹟】,2023-03-06
PlqpFMXI_4w,林明才傳道,41,馬可福音,0,,港福堂普通話網上崇拜：03月05日 林明才傳道《馬可福音》【講道系列第49講：耶穌在公會受審問】,2023-03-06
78L66YxnBPk,吳安強牧師,67,,0,,港福堂粵語門訓系列聖餐主日崇拜：03月05日  吳安強牧師【神國的建立】,2023-03-07
ctLuuGJ1hPE,周婉貞傳道,67,,0,,港福堂粵語門訓系列聖餐主日崇拜：03月04日 周婉貞傳道【破舊立新的門徒生活】,2023-03-08
QpR-1RbYrXw,,67,,0,,Kong Fok Church Int'l Online Worship Service_20230311_Rev. John 【The Parable of the Prodigal Son】,2023-03-13
MNgJYAJ4onM,林朗熙傳道,67,,0,,港福堂學青網上崇拜：03月12日 林朗熙傳道【信心帶來的醫治：睚魯女兒和血漏女人的故事】,2023-03-13
_x5scENq7as,唐然傳道,67,,0,,港福堂普通話網上崇拜：03月12日 唐然傳道【我要向山舉目】,2023-03-13
AgpQNqSw5U0,林誠信牧師,67,,0,,港福堂粵語門訓系列崇拜：03月19日  林誠信牧師【神國的奧秘】,2023-03-21
GQwaa0Ng41Y,李承希傳道,67,,0,,港福堂學青網上崇拜：03月19日  李承希傳道【供養世人的耶穌：餵飽五千人的神蹟】,2023-03-22
T9QM3x3I5AY,,67,,0,,KFC Int'l Online Worship Service_20230325_Ps. Johnny Wong【The Parable of the Rich Man and Lazarus】,2023-03-27
xv17AUTzUj8,林朗熙傳道,67,,0,,港福堂學青網上崇拜：03月26日 林朗熙傳道【掌管自然的耶穌：海面上行走的神蹟】,2023-03-28
VhJg9h45zsw,林明才傳道,41,馬可福音,0,,港福堂普通話網上崇拜：03月26日 林明才傳道【馬可福音講道系列第50講：彼得不認主耶穌】,2023-03-28
g_I7XCuu_jI,,67,,0,,KFCI Oline Worship Service 20230401 Ps James Tang【The Parable of the Pharisee & Tax Collector】,2023-04-04
4Ycl1VEgLsk,李承希傳道,67,,0,,港福堂學青網上崇拜：04月02日 李承希傳道【詮釋律法的權威：與文士領袖的辯論】,2023-04-04
q50OpL0Ylao,唐然傳道,67,,0,,港福堂普通話網上崇拜：04月02日 唐然傳道【由始祖犯罪看人性的軟弱】,2023-04-04
s1dfOFzcjaw,李志輝傳道,67,,0,,港福堂粵語門訓系列聖餐崇拜：04月01日 李志輝傳道【不可能的成為可能】,2023-04-04
WrS1tWefGys,唐力行傳道,67,,0,,港福堂粵語門訓系列聖餐崇拜：04月02日 唐力行傳道【你是誰？】,2023-04-04
UYtE1wGZfVA,,67,,0,,Kong Fok Church Int'l Online Worship Service_20230408_ Ps. Michelle Lo【The Parable of the Tenants】,2023-04-11
w_zOmMxSXjk,王恩瀚傳道,67,,0,,港福堂學青網上崇拜：04月09日 王恩瀚傳道【復活節信息：福音的復活大能】,2023-04-11
fDqTaeqCX_M,林明才傳道,67,,0,,港福堂普通話網上崇拜：04月09日 林明才傳道【耶穌的復活與我們有什麼關係？】,2023-04-11
D7DcWVQWEZY,,67,,0,,Kong Fok Church Int'l Online Worship Service 20230415 Rev  John Snelgrove【Serving Satisfies Me】 ED,2023-04-17
gvkz6ENjM5Q,孫靜敏牧師,67,,0,,港福堂學青網上崇拜：04月16日 孫靜敏牧師【彌賽亞秘密的前夕：耶穌的眾多事工 】,2023-04-17
T4WuEqnDWQQ,林明才傳道,41,馬可福音,0,,港福堂普通話網上崇拜：04月16日 林明才傳道《馬可福音》【講道系列第51講：耶穌在彼拉多手下受難】,2023-04-18
uQDbfSciN68,,67,,0,,Kong Fok Church Int'l Online Worship Service_20230422_Dr. Susanna Ma Hui【Sharing from a Champion】,2023-04-24
J-LDBy8g8JM,林明才傳道,41,馬可福音,0,,港福堂普通話網上崇拜：04月23日 林明才傳道《馬可福音》【講道系列第52講：耶穌為我們死在十字架】,2023-04-24
r6X2UKqsorw,林朗熙傳道,67,,0,,港福堂學青網上崇拜：04月23日 林朗熙傳道【彌賽亞秘密：耶穌事工的意義 】,2023-04-25
-LbTcfwRzO0,李康莛傳道,67,,0,,港福堂粵語門訓系列崇拜：04月22日 李康莛傳道【恢復我心】,2023-04-25
boNOD8b-CGo,黃勁梅傳道,67,,0,,港福堂粵語門訓系列崇拜：04月23日  黃勁梅傳道【兩個女兒的故事】,2023-04-25
ZyJpuuVb62k,,67,,0,,Kong Fok Church Int'l Online Worship Service_20230429_Rev. John Snelgrove【Serving Changes Me】,2023-04-30
N34jllDEjhk,孫靜敏牧師,67,,0,,港福堂學青網上崇拜：04月30日 孫靜敏牧師【登山變像：耶穌本像的展現 】,2023-05-02
i6vVJYO4AxY,李文耀博士,67,,0,,港福堂粵語門訓系列崇拜：04月30日  李文耀博士【傳道者當有的品性】,2023-05-02
ouX3-01qi4w,唐然傳道,67,,0,,港福堂普通話網上崇拜：04月30日 唐然傳道【成為主的器皿】,2023-05-03
-XVZGpgd_hU,,67,,0,,Kong Fok Church Int'l Online Worship Service_20230506_Greene Mtonga【Sharing from a Champion】,2023-05-07
EdbQjywDzbA,林明才傳道,41,馬可福音,0,,港福堂普通話網上崇拜：05月07日 林明才傳道《馬可福音》【講道系列第53講：耶穌為我們死在十字架(下篇)】,2023-05-09
p5QdE6H41OA,林誠信牧師,67,,0,,港福堂粵語門訓系列聖餐崇拜：05月07日  林誠信牧師【彌賽亞筵席之特色】,2023-05-10
8KJRmz3wmdc,,67,,0,,Kong Fok Church Int'l Online Worship Service_20230513_Rev. John Snelgrove【Serving Blesses Me】,2023-05-16
Yk9iaL1FaBk,李康莛傳道,67,,0,,港福堂學青網上崇拜：05月14日 李康莛傳道【作耶穌門徒的挑戰】,2023-05-16
oemxm8Jxm2k,,67,,0,,港福堂普通話網上崇拜：05月14日 宋黃凱欣醫生【耶和華以勒， 耶和華必預備】,2023-05-16
VgOKpKYTsHI,,67,,0,,Kong Fok Church Int'l Online Worship Service_20230520_ Dr. Joyce【Sharing from a Champion】,2023-05-22
PqT2xCoeXko,孫靜敏牧師,67,,0,,港福堂學青網上崇拜：05月21日 孫靜敏牧師【少年財主的比喻】,2023-05-22
iSANqSQqAaQ,唐然傳道,67,,0,,港福堂普通話網上崇拜：05月21日 唐然傳道【耶和華是應當稱頌的】,2023-05-22
tBILynSaOV0,,67,,0,,Kong Fok Church Int'l Online Worship Service 20230527 Rev John Snelgrove 【Serving Makes A Differenc】,2023-05-30
dSqKtQ7GDOM,林朗熙傳道,67,,0,,港福堂學青網上崇拜：05月28日 林朗熙傳道【誰是眾人的僕人】,2023-05-30
rchyCJdFvbA,,67,,0,,Kong Fok Church Int'l Online Worship Service_20230603_ Alia Marwah Ayers【Sharing from a Champion】,2023-06-05
AMmjMdW3HOU,王恩瀚傳道,67,,0,,學青崇拜06月04日 王恩瀚傳道【耶穌預備開展耶路撒冷的事工】,2023-06-06
rNPdkX51mjw,林明才傳道,41,馬可福音,0,,普通話崇拜：06月04日 林明才傳道《馬可福音》【講道系列第54講：耶穌的復活與差遣】,2023-06-06
wUfH_cMRit4,李文耀博士,67,,0,,港福堂粵語門訓系列聖餐崇拜：06月4日 李文耀博士【最關鍵的問題﹕心的潔淨】,2023-06-06
JeFguTe7sTY,李承希傳道,67,,0,,港福堂學青網上崇拜：06月11日 李承希傳道【與宗教領袖的辯論（1）】,2023-06-13
AsIbtxDrvB4,林明才傳道,67,,0,,港福堂普通話網上崇拜：06月11日 林明才傳道【初期教會生命改變講道系列（1）：彼得】,2023-06-13
h69sVfNFBws,楊芝華牧師,67,,0,,港福堂粵語門訓系列崇拜：06月11日  2楊芝華牧師【親眼看見祢】,2023-06-14
w8o54syfYfY,鄭玉兒傳道,67,,0,,港福堂粵語門訓系列崇拜：06月11日  鄭玉兒傳道【完整的祝福】,2023-06-14
XQ5YTeC0p4k,,67,,0,,Kong Fok Church Int'l Worship Service20230617Ps Johnny Wong [A Heart That Touches Jesus and a Leper],2023-06-20
JzCKYEmPeLk,唐然傳道,67,,0,,港福堂普通話網上崇拜：06月18日 唐然傳道【謝謝爸爸的愛】,2023-06-20
ACm-Lc2a2-0,,67,,0,,Kong Fok Church Int'l Worship Service 0624 Ps James Tang [A Heart That Marvels Jesus and a Centurion,2023-06-27
a9C76BxtvGU,林明才傳道,67,,0,,港福堂普通話崇拜：06月25日 林明才傳道【(1) 如何面對憂慮】,2023-06-27
DeFArUf7E0c,,67,,0,,港福堂學青崇拜：06月25日 何嘉敏姊妹【耶穌對準備面對末世的教導】,2023-06-28
bNuoBkOrAsY,林誠信牧師,67,,0,,港福堂粵語門訓系列崇拜：06月25日  林誠信牧師【從主的憐憫與嘆息看後真理的世代】,2023-06-28
xazmv39FV3g,,67,,0,,Kong Fok Church Int'l Worship Service 20230701 Ps Michelle Lo [A Heart That Accepts Jesus and Mary],2023-07-03
IApGKO-GkU0,林誠信牧師,67,,0,,港福堂粵語門訓系列聖餐崇拜：07月02日  林誠信牧師【認識主身份與作主門徒真義】,2023-07-03
iTAnF_bG1gY,林明才傳道,67,,0,,港福堂普通話崇拜：7月2日  林明才傳道【初期教會生命改變講道系列 ： (2)司提反】,2023-07-04
ydNZIW164f8,,67,,0,,Kong Fok Church Int'l Worship Service 0708 Ps James Tang-A Heart That Confronts Jesus and a Pharisee,2023-07-11
gSyc4_yh2lM,林誠信牧師,67,,0,,港福堂學青崇拜：07月09日  林誠信牧師 【恩典之路】,2023-07-11
Y8CjyhCpFlI,陳孟賢博士,67,,0,,港福堂粵語門訓系列崇拜：07月09日  陳孟賢博士【被神所用的人】,2023-07-11
oGsjmd-4nQA,黃志文牧師,67,,0,,港福堂粵語門訓系列崇拜：07月09日  黃志文牧師【人應當有鹽】,2023-07-12
TioIKg6Ryp0,,67,,0,,KongFokChurch Int'l Worship Service0715 Paul Rothenbuhler A Heart That Cares Jesus and Two Daughters,2023-07-18
McxCoK_5GoU,林明才傳道,67,,0,,港福堂普通話崇拜：07月09日 林明才傳道 信仰與生活講道系列 ：【(2) 如何有效溝通】,2023-07-18
59Cjm0uvo4w,林明才傳道,67,,0,,港福堂普通話崇拜：07月16日 林明才傳道  信仰與生活講道系列：【(2) 如何有效溝通：說話】,2023-07-19
n6wHNUeUQZ4,,67,,0,,KFC Int'l Worship Service Rev. John Snelgrove [A Heart That Reaches：Jesus and the Canaanite Woman],2023-07-24
_XPGyYmlO8c,唐然傳道,67,,0,,港福堂普通話崇拜：07月23日  唐然傳道【建立敬虔的兒女】,2023-07-24
XMB5iql3ehg,林朗熙傳道,67,,0,,港福堂學青崇拜：07月23日  林朗熙傳道【生命歷程中的師傅】,2023-07-26
q_0ZjC7TPc4,,67,,0,,港福堂學青崇拜：07月30日 Dr  Zachary Leung［基督教：我一生中最意想不到的決定］,2023-07-31
fqgOS6NtpYE,郭振游博士,67,,0,,港福堂普通話崇拜：07月30日  郭振游博士【四重服事的態度】,2023-07-31
A2OBRuETYuA,,67,,0,,KFC Int'l Worship Service 20230729 Ps. Johnny Wong [A Heart That Restores： Jesus and a Blind Man],2023-08-01
vXwY3Wm2we4,,67,,0,,KFC Int'l Worship Service 20230805  Gabriel Wong【A Heart That Comforts Jesus and a Hurting Dad】,2023-08-08
5TbllELCfAU,唐力行傳道,67,,0,,港福堂學青網上崇拜：08月06日 唐力行傳道【不要憂慮】,2023-08-08
xV25R_p2MqI,林明才傳道,67,,0,,港福堂普通話崇拜：08月06日  林明才傳道【如何有效溝通 3：情緒】,2023-08-08
c_0DQ_Sws0Y,林誠信牧師,67,,0,,港福堂粵語門訓系列聖餐崇拜：08月06日  林誠信牧師【宗教還是門徒生活？】,2023-08-15
ImLEuzpvpPs,,67,,0,,KFC Int'l Worship Service 20230812 Ps Michelle Lo【A Heart That Transforms： Jesus and a Tax Collector,2023-08-16
--1UTSuangM,林明才傳道,67,,0,,港福堂普通話崇拜：08月20日 林明才傳道【初期教會生命改變講道系列：(3) 腓利】,2023-08-22
0ZFbwsjQVSs,,67,,0,,KFC Int'l Worship Service 20230819Rev.John Snelgrove【A Heart That Forgives Jesus and a Guilty Woman】,2023-08-23
mSIiMngtzNo,,67,,0,,港福堂學青網上崇拜：08月20日  盧鳳雯姊妹【突破與成長的可能】,2023-08-23
jHQxDP2sYHc,,67,,0,,KFC Int'l Worship Service_20230826_ Ps. Johnny Wong【A Heart That Values_Jesus and a Man Born Blind】,2023-08-29
Fw6MZnt6__0,,67,,0,,港福堂學青崇拜：08月27日  何嘉敏姊妹【突破與成長】,2023-08-29
lQgbmrgbdWI,林明才傳道,67,,0,,港福堂普通話崇拜：08月27日  林明才傳道【崇拜如何祝福我們的人生】,2023-08-29
BSjmqw3UqTA,李文耀博士,67,,0,,港福堂粵語門訓系列崇拜：08月27日  李文耀博士【你要我為你做甚麽？】,2023-08-29
MCQm_V9fWkM,李承希傳道,67,,0,,港福堂學青網上崇拜：09月03日  李承希傳道【為左耶穌，你可以去到幾盡】,2023-09-05
jgkBP3IZu_A,林明才傳道,67,,0,,港福堂普通話崇拜：09月03日  林明才傳道【初期教會生命改變講道系列：4 保羅 第1篇】,2023-09-05
-PVsK-Ug1Rc,王志強牧師,67,,0,,港福堂粵語福音崇拜：09月02日  王志強牧師【主要用他】,2023-09-05
3XNVKaYxkh8,林朗熙傳道,67,,0,,港福堂粵門訓系列崇拜：09月03日  林朗熙傳道 【重尋信仰的本質】,2023-09-05
K0cStIFPg8Q,李聖康弟兄,67,,0,,港福堂學青網上崇拜：09月10日  李聖康弟兄【感恩、順服】,2023-09-12
B0pJl8n4Bh8,方盧子樂傳道,67,,0,,港福堂普通話網上崇拜：09月10日 方盧子樂傳道【進入歡喜的人生】,2023-09-12
Nr6xwhPDtXI,林誠信牧師,67,,0,,港福堂粵門訓系列聖餐崇拜：09月10日  2林誠信牧師 [主權智辯],2023-09-12
7gq4n_5Nb8U,孫靜敏牧師,67,,0,,港福堂學青網上崇拜：09月17日  孫靜敏牧師【重要時刻 應該做什麼？】,2023-09-20
OAWZAlXcKjM,鄭安然弟兄,67,,0,,港福堂學青網上崇拜：09月24日  鄭安然弟兄【你是神創造的大師級作品】,2023-09-26
r7Kc3weGGdE,溫偉耀博士,55,提摩太後書,0,,港福堂普通話網上崇拜：09月24日 溫偉耀博士【「提摩太後書」的最重要囑咐一：堅持「高貴」、不甘「卑賤」】,2023-09-26
8TLM6z9ECC4,林明才傳道,67,,0,,港福堂普通話崇拜：10月1日  林明才傳道 [初期教會生命改變講道系列：(5)彼得 第2篇］,2023-10-03
eLx7bM6pN8U,林朗熙傳道,67,,0,,港福堂學青崇拜：10月1日  林朗熙傳道［耶穌受難眾生相］,2023-10-04
Y8a7eQ6uPw4,林誠信牧師,67,,0,,港福堂粵語門訓系列聖餐崇拜：10月1日  林誠信牧師【主權誰屬？金錢．律法．愛】,2023-10-04
w-xpT5MvxrY,方盧子樂傳道,67,,0,,港福堂普通話崇拜：10月8日  方盧子樂傳道 從摩西生平看神的訓練（1）預備器皿,2023-10-10
EI-LbWlS3XY,薛霞霞博士,67,,0,,港福堂普通話崇拜：10月15日  薛霞霞博士 [在愛中得以站立得住],2023-10-16
oGOiDef-ahY,孫靜敏牧師,67,,0,,港福堂學青崇拜：10月15日  孫靜敏牧師［十字架是什麼？］,2023-10-17
i10vsJll1sg,李文耀博士,67,,0,,港福堂粵語門訓系列崇拜：10月15日  李文耀博士【在一個顛倒的將來中作神的僕人】,2023-10-17
E_M18WAbMRs,李承希傳道,67,,0,,港福堂學青崇拜：10月22日  李承希傳道［過山車式的信心］,2023-10-24
Fr1RZg06D2Y,吳安強牧師,67,,0,,港福堂粵語門訓系列崇拜：10月22日  2 吳安強牧師【內憂外患中的香氣】,2023-10-24
bafc8c4rOAI,唐力行傳道,67,,0,,港福堂粵語門訓系列崇拜：10月22日  唐力行傳道【愛•嘥•棄】,2023-10-24
gnPiyqlZcEI,林明才傳道,67,,0,,港福堂普通話崇拜：10月22日  林明才傳道 信仰與生活講道系列4：學習道歉,2023-10-25
RfoKDk5Xeoo,孫靜敏牧師,67,,0,,港福堂學青崇拜：10月29日  孫靜敏牧師 【不敗的溝通】,2023-10-31
OaIz9VZz7B4,溫偉耀博士,55,提摩太後書,0,,港福堂普通話網上崇拜：10月29日  溫偉耀博士 《提摩太後書》 最重要的生命囑咐（2）：看見、同行、韌力,2023-10-31
ccPpl3QayF4,馮諾晞弟兄,67,,0,,港福堂學青崇拜：11月5日  馮諾晞弟兄【耶穌基督 — 擁有黃金精神的人】,2023-11-06
dGNGfmxcV0U,林明才傳道,67,,0,,港福堂普通話崇拜：11月5日  林明才傳道 【掌管歷史的主】,2023-11-07
v6D07u4w4E4,林誠信牧師,67,,0,,港福堂粵語崇拜：11月5日  林誠信牧師【從主的被賣看祂的順服】,2023-11-07
znLaJbx-YYU,,67,,0,,港福堂學青崇拜：11月12日  何嘉敏姊妹【我們與耶穌的距離】,2023-11-14
_c0oE31z0zc,薛霞霞博士,67,,0,,港福堂普通話崇拜：11月12日  薛霞霞博士【向死而生，生命相連】,2023-11-15
NuqDPRGdW4c,徐武豪博士,33,傳道書,0,,港福堂普通話崇拜：11月19日  徐武豪博士【從《傳道書》看人生的智慧】,2023-11-20
OdaJm9OxQVk,李承希傳道,67,,0,,港福堂學青崇拜：11月19日  李承希傳道【當生命遇上祂 一  ：摩西的召命 】,2023-11-21
EApAlyIfBZ4,林朗熙傳道,67,,0,,港福堂學青崇拜：11月26日  林朗熙傳道【與情緒共舞（1）：落在低谷中的我⋯⋯】,2023-11-28
iV5l2VHzrZo,林朗熙傳道,67,,0,,港福堂學青崇拜：12月03日  林朗熙傳道 【與情緒共舞（2）： 你不是真正的快樂 】,2023-12-04
x6NWVyGoV1U,林明才傳道,67,,0,,港福堂普通話崇拜：12月03日  林明才傳道【初期教會生命改變講道系列：(6) 巴拿巴】,2023-12-04
CglcEmtZ-ho,林誠信牧師,67,,0,,港福堂粵語門訓系列聖餐崇拜：12月3日  林誠信牧師【誰是出賣主的人？】,2023-12-05
pMbYsEXkIGM,,67,,0,,港福堂學青崇拜：12月10日  陶筠姊妹【唔係嘛﹖神真係咁堅﹗】,2023-12-11
njKW5T_H48Y,薛霞霞博士,67,,0,,港福堂普通話崇拜：12月10日  薛霞霞博士【在不確定的時代活出神心意】,2023-12-11
8ACDTTnE4GA,李文耀博士,67,,0,,港福堂粵語門訓系列崇拜：12月10日  李文耀博士【隱身在黑暗中的王】,2023-12-12
3XwHHq2C8nw,,67,,0,,港福堂學青崇拜：12月17日  盧鳳雯姊妹【IG重要嗎？】,2023-12-18
MBv1HzXawYo,方盧子樂傳道,67,,0,,港福堂普通話崇拜：12月17日  方盧子樂傳道【從摩西生平看神的訓練（2）：回應呼召 】,2023-12-18
ckJh454wt_Y,唐力行傳道,67,,0,,港福堂粵語門訓系列崇拜：12月17日  唐力行傳道【結局不似預期】,2023-12-18
2ewOb8M2eyI,楊芝華牧師,67,,0,,港福堂粵語門訓系列崇拜：12月17日  楊芝華牧師【恍然大「誤」】,2023-12-18
rjFXc0rr3jk,林明才傳道,67,,0,,港福堂普通話崇拜：12月24日  林明才傳道【耶穌是誰？祂與我們有什麼關係？】,2023-12-27
wVDEhRt8fWE,李承希傳道,67,,0,,港福堂學青崇拜：12月31日  李承希傳道【當生命遇上祂 2 ：約書亞的召命】,2024-01-05
KdS01i_gKTM,林明才傳道,67,,0,,港福堂普通話崇拜：12月31日  林明才傳道【信仰與生活講道系列5：邁向神所賜的幸福人生 】,2024-01-06
nL5fnt6vD00,何慧芬牧師,67,,0,,港福堂粵語門訓系列崇拜：12月31日  何慧芬牧師 【後記：復活主的應許】,2024-01-06
XIa3rYUq7xo,吳安強牧師,67,,0,,港福堂粵語門訓系列崇拜：12月31日  吳安強牧師【你要甚麼神蹟？】,2024-01-06
gKoss1FRkTY,林明才傳道,67,,0,,港福堂普通話網上崇拜：01月07日  林明才傳道【全新的你 】,2024-01-11
HUqVjbs9Z-M,,67,,0,,港福堂學青崇拜：01月14日  何嘉敏姊妹 [ 問心，究竟今日我最需要啲乜 ],2024-01-15
5Z40D7t6y00,薛霞霞博士,67,,0,,港福堂普通話網上崇拜：01月14日  薛霞霞博士【困局中且行且盼望 】,2024-01-15
xTAdNM478Hs,李承希傳道,67,,0,,港福堂學青崇拜：1月21日  李承希傳道【當生命遇上祂 (3)：撒母耳的召命】,2024-01-22
tUCDByyL7ZE,方盧子樂傳道,67,,0,,港福堂普通話崇拜：1月21日  方盧子樂傳道【從摩西生平看神的訓練（3）與神同工】,2024-01-22
fbOgkowmFYg,林明才傳道,67,,0,,港福堂普通話崇拜：1月28日  林明才傳道【初期教會生命改變講道系列： (7) 耶路撒冷的逼迫】,2024-01-29
4IP7u_HgqFw,林朗熙傳道,67,,0,,港福堂學青崇拜：1月28日  林朗熙傳道【與情緒共舞 (3)：我真的受傷了】,2024-01-30
SrWPLWkek5U,吳安強牧師,67,,0,,港福堂粵語門訓系列崇拜：1月28日  吳安強牧師【無盡的感恩】,2024-01-30
Eu_2C3SFeUE,黃勁梅傳道,67,,0,,港福堂粵語門訓系列崇拜：1月28日  黃勁梅傳道【真實信仰的力量】,2024-01-30
5c2JIMq2XyU,唐然傳道,67,,0,,港福堂普通話崇拜：2月4日  唐然傳道【「試煉」與「試探」】,2024-02-05
MgWyZaL_63A,李嘉媛傳道,67,,0,,"港福堂學青崇拜：2月4日  李嘉媛傳道【面對反常世界, 耶穌有什麼對策】",2024-02-06
lIX3Ec_SUdw,林誠信牧師,67,,0,,港福堂粵語門訓系列聖餐崇拜：2月4日  林誠信牧師【生命的事奉與牧養】,2024-02-06
MdPELk0TU4E,林朗熙傳道,67,,0,,港福堂學青崇拜：2月11日  林朗熙傳道【與情緒共舞 (4)：成為憤怒鳥的我】,2024-02-14
PiFomUov25Q,方盧子樂傳道,67,,0,,港福堂普通話崇拜：2月11日  方盧子樂傳道【過一個滿有祝福的新年】,2024-02-14
wdw6tD3XifE,李承希傳道,67,,0,,港福堂學青崇拜：2月18日  李承希傳道【當生命遇上祂 (4)：以賽亞的召命】,2024-02-19
FDLAZMNINPI,林明才傳道,67,,0,,港福堂普通話崇拜：2月18日  林明才傳道【家】,2024-02-19
4-GOM3Lm0Xg,吳安強牧師,67,,0,,港福堂粵語門訓系列崇拜：2月17日  吳安強牧師【心之所繫、情之所願】,2024-02-20
6x1o3NgmalA,孫靜敏牧師,67,,0,,港福堂粵語門訓系列崇拜：2月18日  孫靜敏牧師【堅韌信仰．牧者心】,2024-02-20
aLAHj0-ETd4,孫靜敏牧師,67,,0,,港福堂學青崇拜：2月25日  孫靜敏牧師 天國系列（1）：這就是祂的國,2024-02-27
34-zeXiwAeo,林明才傳道,67,,0,,港福堂普通話崇拜：2月25日  林明才傳道【銳意門訓】,2024-02-27
OkMLT8SBQqg,林朗熙傳道,67,,0,,"港福堂學青崇拜：3月3日  林朗熙傳道【當我在⋯⋯時, 我在做甚麼？ (1)：決志】",2024-03-04
-GoirydU_fQ,孫靜敏牧師,67,,0,,港福堂學青網上崇拜：09月04日 孫靜敏牧師【建立健全的教會領導（1）】,2024-03-04
a1QBVFcABSU,唐然傳道,67,,0,,港福堂普通話崇拜：3月3日  唐然傳道【活出得勝的人生】,2024-03-04
tKIpCdRPtN0,唐力行傳道,67,,0,,港福堂粵語門訓系列聖餐崇拜：3月3日  唐力行傳道【逃避雖可恥但有用】,2024-03-04
-PxAZ9GZHjA,林朗熙傳道,67,,0,,港福堂粵語門訓系列崇拜：05月15日  林朗熙傳道【重獲尊嚴的福音】,2024-03-07
-sHjiZ2UbkE,,67,,0,,Kong Fok Church Int'l Online Worship Service20211016_Ps. James Tang_ To Pursue Justice (1 Timothy 5),2024-03-08
-gDxw--QcMc,孫靜敏傳道,67,,0,,港福堂粵語門訓系列崇拜：09月12日 -3孫靜敏傳道【承傳聖徒】,2024-03-08
0B2uTxJwB3E,王恩瀚傳道,67,,0,,港福堂學青網上崇拜：02月28日 王恩瀚傳道【兄弟情：如何寬恕自己和他人在關係之中的犯錯？】,2024-03-09
NdsjOrywvSI,林誠信牧師,67,,0,,港福堂粵語門訓系列崇拜：3月10日  林誠信牧師【滿有盼望的死亡觀】,2024-03-11
0Z3ZVIYNluM,李承希傳道,67,,0,,港福堂學青崇拜：03月10日  李承希傳道 當生命遇上祂 (5) ：耶利米的召命,2024-03-12
h4SSQVCzjYE,,67,,0,,港福堂普通話崇拜：3月10日  林明才傳 【工作的意義】,2024-03-12
l9p6fau3GcY,方盧子樂傳道,67,,0,,港福堂普通話崇拜：3月17日  方盧子樂傳道【從摩西生平看神的訓練 (4)：做一個信靠神的僕人】,2024-03-18
oTuPzTikWFY,孫靜敏牧師,67,,0,,港福堂學青崇拜：3月17日  孫靜敏牧師【天國系列 (2)：能哭就快樂】,2024-03-19
ogS1z_k5TQg,林明才傳道,67,,0,,港福堂普通話崇拜：3月24日  林明才傳道【巴拿巴和掃羅奉差遣】,2024-03-25
NYjlWpBteH0,唐力行傳道,67,,0,,港福堂學青崇拜：3月24日  唐力行傳道【我活著不是憑眼見】,2024-03-26
t6-fCgF2Ip8,,67,,0,,港福堂粵語門訓系列崇拜：3月24日   Rev  Jack Sara【興起成為真光的教會】,2024-03-26
ZR_lCkwGJyE,李承希傳道,67,,0,,港福堂粵語門訓系列崇拜：3月24日   李承希傳道【致光明之子的一封信】,2024-03-26
MhdQuvCf_JY,林朗熙傳道,67,,0,,港福堂學青復活節崇拜：3月31日  林朗熙傳道【當耶穌缺席時】,2024-04-02
e7vJCtzVpk4,林明才傳道,67,,0,,港福堂普通話崇拜：3月31日  林明才傳道【罪得赦免・重新開始】,2024-04-02
vl30fZ6pHRM,,67,,0,,港福堂學青崇拜：4月7日  Ronica【看不見沉默的真相】,2024-04-08
rZzmDB8pt8k,唐然傳道,67,,0,,港福堂普通話崇拜：4月7日  唐然傳道【成為主所喜悅的兒女】,2024-04-08
xoB444xaXR0,吳周婉貞傳道,67,,0,,港福堂粵語崇拜：4月7日  吳周婉貞傳道【縱橫交錯的相交生活】,2024-04-08
oww89jO1CU4,林朗熙傳道,67,,0,,港福堂粵語崇拜：4月7日  林朗熙傳道【開始的終結】,2024-04-08
NdNwyhcP_BM,李承希傳道,67,,0,,港福堂學青崇拜：4月14日  李承希傳道【當生命遇上祂 (6 )：以西結的召命】,2024-04-15
fhQKlOeXpqU,林明才傳道,67,,0,,港福堂普通話崇拜：4月14日  林明才傳道【初期教會生命改變講道系列：(9) 耶路撒冷會議】,2024-04-15
SRCzCGKhf9o,方盧子樂傳道,67,,0,,港福堂普通話崇拜：4月21日  方盧子樂傳道 【從摩西生平看神的訓練（5）：傳承生命 】,2024-04-22
fOjMz3i7Wxk,,67,,0,,港福堂學青崇拜：4月21日  陶筠姊妹【人生戲劇家】,2024-04-23
ZMe42q2lpss,李文耀博士,67,,0,,港福堂粵語崇拜：4月21日  李文耀博士 [做基督徒要有的預期],2024-04-23
-5YsOm1iy4E,林明才傳道,67,,0,,港福堂普通話崇拜：3月24日  林明才傳道【巴拿巴和掃羅奉差遣】,2024-04-25
W7B9oT7wZ2Y,林朗熙傳道,67,,0,,港福堂學青崇拜：4月28日  林朗熙傳道【當我在⋯⋯時，我在做甚麼？(2)：愛 】,2024-04-30
v4FyDA414JI,林明才傳道,29,約伯記,0,,港福堂普通話崇拜：4月28日  林明才傳道【從《約伯記》思想人生的苦難 】,2024-04-30
mxn6QNm_eq4,孫靜敏牧師,67,,0,,港福堂學青崇拜：05月05日  孫靜敏牧師 天國系列（3） ： 溫柔,2024-05-06
4UoDAbePV_4,唐然傳道,67,,0,,港福堂普通話網上崇拜：05月05日  唐然傳道【成為基督的肢體】,2024-05-06
M3LkOZDuFm8,李承希傳道,67,,0,,港福堂粵語門訓系列聖餐崇拜：5月5日  李承希傳道【末世的再思】,2024-05-07
zQc44Xot-G4,黃勁梅傳道,67,,0,,港福堂粵語門訓系列聖餐崇拜：5月5日  黃勁梅傳道【末世迷惑的考驗】,2024-05-07
WNIYGkcz9r4,方盧子樂傳道,67,,0,,普通話崇拜 5月12日  方盧子樂傳道 [母親的愛],2024-05-12
BB16YbsOSSA,林朗熙傳道,67,,0,,港福堂學青崇拜：5月12日  林朗熙傳道【當我在⋯⋯時，我在做甚麼？（3）：恩典 】,2024-05-13
pFGPcxq0arA,李嘉媛傳道,67,,0,,港福堂學青崇拜：05月19日  李嘉媛傳道 天國系列（四）：飢渴慕義,2024-05-22
grRNhdkk4CM,林明才傳道,67,,0,,港福堂普通話網上崇拜：05月19日  林明才傳道【如何明白神的旨意】,2024-05-22
t9UT5y3xogw,鄭玉兒傳道,67,,0,,港福堂粵語門訓系列崇拜：05月19日  鄭玉兒傳道 在信仰的根基上堅固站穩,2024-05-22
JQI2mjOOKSk,何慧芬牧師,67,,0,,港福堂粵語門訓系列崇拜：05月19日  何慧芬牧師 站穩與堅守,2024-05-23
ZN5IzVny5Ak,李承希傳道,67,,0,,港福堂學青崇拜：05月26日  李承希傳道［天國系列（五）：憐恤］,2024-05-29
OulG8ANi3Ws,林明才傳道,67,,0,,港福堂普通話崇拜：05月26日  林明才傳道【從提摩太與馬其頓看使徒的順服】,2024-05-29
CPrUZlWBzVA,林朗熙傳道,67,,0,,港福堂學青崇拜：06月02日  林朗熙傳道 [當我在⋯⋯時，我在做甚麼？（四）：團契],2024-06-03
WZkq4iA3Cx0,方盧子樂傳道,67,,0,,港福堂普通話網上崇拜：06月02日  方盧子樂傳道【如何承受神預備給你的祝福？】,2024-06-04
9HX_v490lME,唐力行傳道,67,,0,,港福堂粵語職場崇拜：06月02日  唐力行傳道 [不可喪志],2024-06-04
cyM8rdxldMk,李康莛傳道,67,,0,,港福堂粵語職場崇拜：06月02日  李康莛傳道 [默默耕耘],2024-06-04
UHoHCOs1fms,,67,,0,,港福堂學青崇拜：6月9日  何嘉敏姊姊【「能改寫過去」的愛】,2024-06-11
kdAIZ2qzFs4,林明才傳道,67,,0,,港福堂普通話崇拜：6月9日  林明才傳道【奇妙可畏的生命】,2024-06-11
_5MLgHqFvOw,李志輝傳道,67,,0,,港福堂粵語門訓系列崇拜：06月08日  李志輝傳道 [活的盼望],2024-06-12
p14uxvT2wRU,孫靜敏牧師,67,,0,,港福堂粵語門訓系列崇拜：06月09日  孫靜敏牧師 [重生的盼望．從新的生活],2024-06-12
ZZG_mTuvDhA,李嘉媛傳道,67,,0,,港福堂學青崇拜：6月16日  李嘉媛傳道【天國系列（六）】,2024-06-17
h21vjYI1oPs,唐然傳道,67,,0,,港福堂普通話崇拜：6月16日  唐然傳道【「父」足的人生】,2024-06-17
QjPc8AUaHJE,孫靜敏牧師,67,,0,,港福堂學青崇拜：6月23日  孫靜敏牧師【天國系列（七）：與人和睦很困難嗎？】,2024-06-24
zDXrcT51Ln4,林明才傳道,67,,0,,港福堂普通話崇拜：6月23日  林明才傳道【如何領受神的應許】,2024-06-24
Uoq7_o-NbBw,楊芝華牧師,67,,0,,港福堂粵語門訓系列崇拜：06月23日  楊芝華牧師 [流露與別不同的生命特質],2024-06-25
VdR4_Jo8qGs,王國風傳道,67,,0,,港福堂粵語門訓系列崇拜：06月23日  王國風傳道 [準備好見主嗎？],2024-06-25
HTAjJ6h3Z6M,李承希傳道,67,,0,,港福堂學青崇拜：06月30日  李承希傳道 [天國系列（八） ： 為義受逼迫],2024-07-03
JP7cKJUKYzU,薛霞霞博士,67,,0,,港福堂普通話網上崇拜：06月30日  薛霞霞博士【撒瑪利亞婦人的內在安息：隱藏與真實】,2024-07-03
HfBt1Kvb3Wo,李文耀博士,67,,0,,港福堂粵語門訓系列崇拜：06月30日  李文耀博士  [流露與別不同的生命特質],2024-07-03
HeF-BDIP9UI,,67,,0,,港福堂學青崇拜：7月7日  蕭銘慧姊妹【蒙召・見證】,2024-07-08
VLfj1y5iplo,唐然傳道,67,,0,,港福堂普通話崇拜：7月7日  唐然傳道【憑信心承接神的託付】,2024-07-08
Vicqi-sc5pY,林誠信牧師,67,,0,,港福堂粵語門訓系列聖餐崇拜 ：7月7日  林誠信牧師 【異鄉人如何跟隨主的腳踪行？】,2024-07-08
ehgnbUgQ7Ac,鍾灝森弟兄,67,,0,,港福堂學青崇拜：07月14日  鍾灝森弟兄 [生活見證與蒙召],2024-07-15
48DmhLqEABU,方盧子樂傳道,67,,0,,港福堂普通話網上崇拜：07月14日  方盧子樂傳道【憑信心抓住神的拯救】,2024-07-15
NQ64jXAhHjM,吳周婉貞傳道,67,,0,,港福堂粵語門訓系列崇拜：07月14日  吳周婉貞傳道 [反倒虛己的夫妻之道],2024-07-15
htsArF5mORE,唐力行傳道,67,,0,,港福堂粵語門訓系列崇拜：07月14日  唐力行傳道 [最重要的軟弱],2024-07-16
erMIxy5RQjc,,67,,0,,港福堂粵語中堂崇拜直播  (2024年7月14日 ),2024-07-20
uj2PMXyOQhY,,67,,0,,港福堂粵語中堂崇拜直播  (2024年7月7日 ),2024-07-20
SJ-VqF71vxY,,67,,0,,港福堂粵語晚堂崇拜直播  (2024年7月13日 ),2024-07-20
325Dwnl4mc8,,67,,0,,港福堂學青崇拜：7月21日  劉恩琪姊妹【生命見證】,2024-07-22
w3AAarUVMgw,唐然傳道,67,,0,,港福堂普通話崇拜：7月21日  唐然傳道【憑信心進入神的恩典】,2024-07-22
xI14QZIlGF8,郭振游博士,67,,0,,港福堂普通話崇拜：7月28日  郭振游博士【兩個家族200年的對比】,2024-07-29
3QMaOuo4MFw,,67,,0,,港福堂學青崇拜：7月28日  李卓穎姊妹【獨特而有意義的關係】,2024-07-30
QRNseL0aqYg,李志輝傳道,67,,0,,港福堂粵語門訓系列崇拜：07月28日  3 李志輝傳道【苦難世界中的操練】,2024-07-30
JyhMTmeVnvs,李承希傳道,67,,0,,港福堂粵語門訓系列崇拜：07月28日  李承希傳道【作主門徒的兩大標記】,2024-07-30
VNWRMTOSd2E,,67,,0,,港福堂粵語晚堂崇拜直播  (2024年6月1日 ),2024-07-31
kUua4ltDXvg,,67,,0,,港福堂粵語晚堂崇拜直播  (2024年6月22日 ),2024-07-31
xelGMM6xbXg,,67,,0,,港福堂粵語晚堂崇拜直播  (2024年7月27日 ),2024-07-31
VSBzJcepj50,,67,,0,,港福堂粵語中堂崇拜直播  (2024年6月23日 ),2024-08-01
LBg7gGkTEfM,,67,,0,,港福堂粵語中堂崇拜直播  (2024年6月2日 ),2024-08-01
YPnqpkP0mnU,,67,,0,,港福堂粵語中堂崇拜直播  (2024年7月28日 ),2024-08-01
sZqTxRQ-T00,,67,,0,,港福堂粵語中堂崇拜直播  (2024年5月5日 ),2024-08-02
ko8Vr3vDZlQ,,67,,0,,港福堂粵語晚堂崇拜直播  (2024年5月4日 ),2024-08-02
3Dkj5CmvXfo,林誠信牧師,67,,0,,港福堂粵語網上門訓系列聖餐崇拜：2020年5月02-03日  林誠信牧師【風暴中的安心振奮之道】,2024-08-02
zRc-cQisIK0,唐然傳道,67,,0,,港福堂普通話崇拜：8月4日  唐然傳道【恩典的記號】,2024-08-05
MEZwBjKL1zQ,,67,,0,,港福堂粵語中堂崇拜直播  (2024年8月4日 ),2024-08-05
kNF-WP_Irho,,67,,0,,港福堂粵語晚堂崇拜直播  (2024年8月3日 ),2024-08-05
HmW7zAHc5rQ,林誠信牧師,67,,0,,港福堂粵語門訓系列聖餐崇拜：08月04日  林誠信牧師 [為義受苦彰顯基督的復活得勝],2024-08-06
Jt6HEDTGiBI,方盧子樂傳道,67,,0,,港福堂普通話崇拜：8月11日  方盧子樂傳道【生命的元帥】,2024-08-13
9-i-YuWxReA,鐘素明傳道,67,,0,,港福堂學青崇拜：8月18日  鐘素明傳道【見證及信息分享】,2024-08-19
ksmHOBzUGrE,唐然傳道,67,,0,,港福堂普通話崇拜：8月18日  唐然傳道【塌陷的城墻】,2024-08-19
3JmZWE_V9Aw,王恩瀚傳道,67,,0,,港福堂學青崇拜：8月25日  王恩瀚傳道【Amor of God】,2024-08-27
Gs8gUKf1WOg,林誠信牧師,67,,0,,港福堂普通話崇拜：8月25日  林誠信牧師【人對未來之知與不知】,2024-08-27
q37ZieXVrbI,李文耀博士,67,,0,,港福堂粵語門訓系列崇拜：08月25日  李文耀博士【基督徒在末世中的生活態度】,2024-08-28
wddnstE1GR8,,67,,0,,港福堂粵語中堂崇拜直播  (2024年8月25日 ),2024-08-30
ZvN7ff_qhK0,,67,,0,,港福堂粵語晚堂崇拜直播  (2024年8月24日 ),2024-08-30
zP5hDbErEX8,林朗𤋮傳道,67,,0,,港福堂學青崇拜：9月1日  林朗𤋮傳道 【你今日信左未？】,2024-09-02
3_MfhLSMQGg,唐然傳道,67,,0,,港福堂普通話崇拜：9月1日  唐然傳道【靠神扭轉生命中的失敗】,2024-09-02
92u8WOMDqX4,唐然傳道,67,,0,,港福堂普通話崇拜：9月1日  唐然傳道【靠神扭轉生命中的失敗】,2024-09-03
WJ_UA6IXZFM,,67,,0,,港福堂粵語中堂崇拜直播  (2024年9月1日 ),2024-09-03
YVb4PwlOAxU,,67,,0,,港福堂粵語晚堂崇拜直播  (2024年8月31日 ),2024-09-03
K5H_fZcgXNU,林誠信牧師,67,,0,,港福堂粵語門訓系列聖餐崇拜：09月1日  2 林誠信牧師【基督徒的苦難觀】,2024-09-03
dkJ11c6ipcY,林朗熙傳道,67,,0,,港福堂學青崇拜：09月08日 林朗熙傳道 【為什麼我們需要屬靈父母？】,2024-09-09
UwIJNJAx7yA,方盧子樂傳道,67,,0,,港福堂普通話網上崇拜：9月8日 方盧子樂傳道【聆聽耶和華必得勝】,2024-09-09
rQfv-rQTAqE,孫靜敏牧師,67,,0,,港福堂學青崇拜：9月15日  孫靜敏牧師【堅韌信仰．牧者心】,2024-09-16
x4xxdsC-Rrs,唐然傳道,67,,0,,港福堂普通話崇拜：9月15日  唐然傳道【面對生命中的詭計與欺騙】,2024-09-16
